"LTER_site","local_site","point_ID","date","depth_stake","depth_n","depth_e","depth_s","depth_w","mean_depth","num_meas","year","month","seas","jd"
"NWT","sdl","16","1996-01-11",90,NA,NA,NA,NA,90,1,1996,1,"1996",101
"NWT","sdl","30","1996-01-11",0,NA,NA,NA,NA,0,1,1996,1,"1996",101
"NWT","sdl","33","1996-01-11",220,NA,NA,NA,NA,220,1,1996,1,"1996",101
"NWT","sdl","41","1996-01-11",70,NA,NA,NA,NA,70,1,1996,1,"1996",101
"NWT","sdl","47","1996-01-11",5,NA,NA,NA,NA,5,1,1996,1,"1996",101
"NWT","sdl","73","1996-01-11",170,NA,NA,NA,NA,170,1,1996,1,"1996",101
"NWT","sdl","77","1996-01-11",80,NA,NA,NA,NA,80,1,1996,1,"1996",101
"NWT","sdl","701","1996-01-11",0,NA,NA,NA,NA,0,1,1996,1,"1996",101
"NWT","sdl","16","1996-01-28",90,NA,NA,NA,NA,90,1,1996,1,"1996",118
"NWT","sdl","30","1996-01-28",0,NA,NA,NA,NA,0,1,1996,1,"1996",118
"NWT","sdl","33","1996-01-28",310,NA,NA,NA,NA,310,1,1996,1,"1996",118
"NWT","sdl","41","1996-01-28",90,NA,NA,NA,NA,90,1,1996,1,"1996",118
"NWT","sdl","47","1996-01-28",20,NA,NA,NA,NA,20,1,1996,1,"1996",118
"NWT","sdl","73","1996-01-28",210,NA,NA,NA,NA,210,1,1996,1,"1996",118
"NWT","sdl","77","1996-01-28",90,NA,NA,NA,NA,90,1,1996,1,"1996",118
"NWT","sdl","701","1996-01-28",0,NA,NA,NA,NA,0,1,1996,1,"1996",118
"NWT","sdl","16","1996-02-28",195,NA,NA,NA,NA,195,1,1996,2,"1996",149
"NWT","sdl","30","1996-02-28",0,NA,NA,NA,NA,0,1,1996,2,"1996",149
"NWT","sdl","33","1996-02-28",355,NA,NA,NA,NA,355,1,1996,2,"1996",149
"NWT","sdl","41","1996-02-28",250,NA,NA,NA,NA,250,1,1996,2,"1996",149
"NWT","sdl","47","1996-02-28",80,NA,NA,NA,NA,80,1,1996,2,"1996",149
"NWT","sdl","73","1996-02-28",270,NA,NA,NA,NA,270,1,1996,2,"1996",149
"NWT","sdl","77","1996-02-28",150,NA,NA,NA,NA,150,1,1996,2,"1996",149
"NWT","sdl","701","1996-02-28",0,NA,NA,NA,NA,0,1,1996,2,"1996",149
"NWT","sdl","16","1996-03-13",180,NA,NA,NA,NA,180,1,1996,3,"1996",163
"NWT","sdl","30","1996-03-13",0,NA,NA,NA,NA,0,1,1996,3,"1996",163
"NWT","sdl","33","1996-03-13",360,NA,NA,NA,NA,360,1,1996,3,"1996",163
"NWT","sdl","41","1996-03-13",130,NA,NA,NA,NA,130,1,1996,3,"1996",163
"NWT","sdl","47","1996-03-13",60,NA,NA,NA,NA,60,1,1996,3,"1996",163
"NWT","sdl","73","1996-03-13",215,NA,NA,NA,NA,215,1,1996,3,"1996",163
"NWT","sdl","77","1996-03-13",205,NA,NA,NA,NA,205,1,1996,3,"1996",163
"NWT","sdl","701","1996-03-13",0,NA,NA,NA,NA,0,1,1996,3,"1996",163
"NWT","sdl","16","1996-03-27",200,NA,NA,NA,NA,200,1,1996,3,"1996",177
"NWT","sdl","30","1996-03-27",0,NA,NA,NA,NA,0,1,1996,3,"1996",177
"NWT","sdl","33","1996-03-27",405,NA,NA,NA,NA,405,1,1996,3,"1996",177
"NWT","sdl","41","1996-03-27",180,NA,NA,NA,NA,180,1,1996,3,"1996",177
"NWT","sdl","47","1996-03-27",100,NA,NA,NA,NA,100,1,1996,3,"1996",177
"NWT","sdl","73","1996-03-27",275,NA,NA,NA,NA,275,1,1996,3,"1996",177
"NWT","sdl","77","1996-03-27",260,NA,NA,NA,NA,260,1,1996,3,"1996",177
"NWT","sdl","701","1996-03-27",0,NA,NA,NA,NA,0,1,1996,3,"1996",177
"NWT","sdl","16","1996-05-09",200,NA,NA,NA,NA,200,1,1996,5,"1996",220
"NWT","sdl","30","1996-05-09",0,NA,NA,NA,NA,0,1,1996,5,"1996",220
"NWT","sdl","33","1996-05-09",445,NA,NA,NA,NA,445,1,1996,5,"1996",220
"NWT","sdl","41","1996-05-09",200,NA,NA,NA,NA,200,1,1996,5,"1996",220
"NWT","sdl","47","1996-05-09",80,NA,NA,NA,NA,80,1,1996,5,"1996",220
"NWT","sdl","73","1996-05-09",250,NA,NA,NA,NA,250,1,1996,5,"1996",220
"NWT","sdl","77","1996-05-09",220,NA,NA,NA,NA,220,1,1996,5,"1996",220
"NWT","sdl","701","1996-05-09",0,NA,NA,NA,NA,0,1,1996,5,"1996",220
"NWT","sdl","16","1996-05-22",150,NA,NA,NA,NA,150,1,1996,5,"1996",233
"NWT","sdl","30","1996-05-22",0,NA,NA,NA,NA,0,1,1996,5,"1996",233
"NWT","sdl","33","1996-05-22",350,NA,NA,NA,NA,350,1,1996,5,"1996",233
"NWT","sdl","41","1996-05-22",115,NA,NA,NA,NA,115,1,1996,5,"1996",233
"NWT","sdl","47","1996-05-22",55,NA,NA,NA,NA,55,1,1996,5,"1996",233
"NWT","sdl","73","1996-05-22",190,NA,NA,NA,NA,190,1,1996,5,"1996",233
"NWT","sdl","77","1996-05-22",165,NA,NA,NA,NA,165,1,1996,5,"1996",233
"NWT","sdl","701","1996-05-22",0,NA,NA,NA,NA,0,1,1996,5,"1996",233
"NWT","sdl","16","1996-06-07",125,NA,NA,NA,NA,125,1,1996,6,"1996",249
"NWT","sdl","30","1996-06-07",0,NA,NA,NA,NA,0,1,1996,6,"1996",249
"NWT","sdl","33","1996-06-07",110,NA,NA,NA,NA,110,1,1996,6,"1996",249
"NWT","sdl","41","1996-06-07",70,NA,NA,NA,NA,70,1,1996,6,"1996",249
"NWT","sdl","47","1996-06-07",45,NA,NA,NA,NA,45,1,1996,6,"1996",249
"NWT","sdl","73","1996-06-07",85,NA,NA,NA,NA,85,1,1996,6,"1996",249
"NWT","sdl","77","1996-06-07",260,NA,NA,NA,NA,260,1,1996,6,"1996",249
"NWT","sdl","701","1996-06-07",0,NA,NA,NA,NA,0,1,1996,6,"1996",249
"NWT","sdl","16","1996-06-14",80,NA,NA,NA,NA,80,1,1996,6,"1996",256
"NWT","sdl","30","1996-06-14",0,NA,NA,NA,NA,0,1,1996,6,"1996",256
"NWT","sdl","33","1996-06-14",215,NA,NA,NA,NA,215,1,1996,6,"1996",256
"NWT","sdl","41","1996-06-14",5,NA,NA,NA,NA,5,1,1996,6,"1996",256
"NWT","sdl","47","1996-06-14",0,NA,NA,NA,NA,0,1,1996,6,"1996",256
"NWT","sdl","73","1996-06-14",130,NA,NA,NA,NA,130,1,1996,6,"1996",256
"NWT","sdl","77","1996-06-14",0,NA,NA,NA,NA,0,1,1996,6,"1996",256
"NWT","sdl","701","1996-06-14",0,NA,NA,NA,NA,0,1,1996,6,"1996",256
"NWT","sdl","16","1996-06-26",0,NA,NA,NA,NA,0,1,1996,6,"1996",268
"NWT","sdl","30","1996-06-26",0,NA,NA,NA,NA,0,1,1996,6,"1996",268
"NWT","sdl","33","1996-06-26",125,NA,NA,NA,NA,125,1,1996,6,"1996",268
"NWT","sdl","41","1996-06-26",0,NA,NA,NA,NA,0,1,1996,6,"1996",268
"NWT","sdl","47","1996-06-26",0,NA,NA,NA,NA,0,1,1996,6,"1996",268
"NWT","sdl","73","1996-06-26",35,NA,NA,NA,NA,35,1,1996,6,"1996",268
"NWT","sdl","77","1996-06-26",0,NA,NA,NA,NA,0,1,1996,6,"1996",268
"NWT","sdl","701","1996-06-26",0,NA,NA,NA,NA,0,1,1996,6,"1996",268
"NWT","sdl","16","1996-07-03",0,NA,NA,NA,NA,0,1,1996,7,"1996",275
"NWT","sdl","30","1996-07-03",0,NA,NA,NA,NA,0,1,1996,7,"1996",275
"NWT","sdl","33","1996-07-03",135,NA,NA,NA,NA,135,1,1996,7,"1996",275
"NWT","sdl","41","1996-07-03",0,NA,NA,NA,NA,0,1,1996,7,"1996",275
"NWT","sdl","47","1996-07-03",0,NA,NA,NA,NA,0,1,1996,7,"1996",275
"NWT","sdl","73","1996-07-03",0,NA,NA,NA,NA,0,1,1996,7,"1996",275
"NWT","sdl","77","1996-07-03",0,NA,NA,NA,NA,0,1,1996,7,"1996",275
"NWT","sdl","701","1996-07-03",0,NA,NA,NA,NA,0,1,1996,7,"1996",275
"NWT","sdl","16","1996-07-10",0,NA,NA,NA,NA,0,1,1996,7,"1996",282
"NWT","sdl","30","1996-07-10",0,NA,NA,NA,NA,0,1,1996,7,"1996",282
"NWT","sdl","33","1996-07-10",70,NA,NA,NA,NA,70,1,1996,7,"1996",282
"NWT","sdl","41","1996-07-10",0,NA,NA,NA,NA,0,1,1996,7,"1996",282
"NWT","sdl","47","1996-07-10",0,NA,NA,NA,NA,0,1,1996,7,"1996",282
"NWT","sdl","73","1996-07-10",0,NA,NA,NA,NA,0,1,1996,7,"1996",282
"NWT","sdl","77","1996-07-10",0,NA,NA,NA,NA,0,1,1996,7,"1996",282
"NWT","sdl","701","1996-07-10",0,NA,NA,NA,NA,0,1,1996,7,"1996",282
"NWT","sdl","16","1996-07-16",0,NA,NA,NA,NA,0,1,1996,7,"1996",288
"NWT","sdl","30","1996-07-16",0,NA,NA,NA,NA,0,1,1996,7,"1996",288
"NWT","sdl","33","1996-07-16",15,NA,NA,NA,NA,15,1,1996,7,"1996",288
"NWT","sdl","41","1996-07-16",0,NA,NA,NA,NA,0,1,1996,7,"1996",288
"NWT","sdl","47","1996-07-16",0,NA,NA,NA,NA,0,1,1996,7,"1996",288
"NWT","sdl","73","1996-07-16",0,NA,NA,NA,NA,0,1,1996,7,"1996",288
"NWT","sdl","77","1996-07-16",0,NA,NA,NA,NA,0,1,1996,7,"1996",288
"NWT","sdl","701","1996-07-16",0,NA,NA,NA,NA,0,1,1996,7,"1996",288
"NWT","sdl","16","1996-07-24",0,NA,NA,NA,NA,0,1,1996,7,"1996",296
"NWT","sdl","30","1996-07-24",0,NA,NA,NA,NA,0,1,1996,7,"1996",296
"NWT","sdl","33","1996-07-24",0,NA,NA,NA,NA,0,1,1996,7,"1996",296
"NWT","sdl","41","1996-07-24",0,NA,NA,NA,NA,0,1,1996,7,"1996",296
"NWT","sdl","47","1996-07-24",0,NA,NA,NA,NA,0,1,1996,7,"1996",296
"NWT","sdl","73","1996-07-24",0,NA,NA,NA,NA,0,1,1996,7,"1996",296
"NWT","sdl","77","1996-07-24",0,NA,NA,NA,NA,0,1,1996,7,"1996",296
"NWT","sdl","701","1996-07-24",0,NA,NA,NA,NA,0,1,1996,7,"1996",296
"NWT","sdl","16","1996-07-30",0,NA,NA,NA,NA,0,1,1996,7,"1996",302
"NWT","sdl","30","1996-07-30",0,NA,NA,NA,NA,0,1,1996,7,"1996",302
"NWT","sdl","33","1996-07-30",0,NA,NA,NA,NA,0,1,1996,7,"1996",302
"NWT","sdl","41","1996-07-30",0,NA,NA,NA,NA,0,1,1996,7,"1996",302
"NWT","sdl","47","1996-07-30",0,NA,NA,NA,NA,0,1,1996,7,"1996",302
"NWT","sdl","73","1996-07-30",0,NA,NA,NA,NA,0,1,1996,7,"1996",302
"NWT","sdl","77","1996-07-30",0,NA,NA,NA,NA,0,1,1996,7,"1996",302
"NWT","sdl","701","1996-07-30",0,NA,NA,NA,NA,0,1,1996,7,"1996",302
"NWT","sdl","16","1996-08-06",0,NA,NA,NA,NA,0,1,1996,8,"1996",309
"NWT","sdl","30","1996-08-06",0,NA,NA,NA,NA,0,1,1996,8,"1996",309
"NWT","sdl","33","1996-08-06",0,NA,NA,NA,NA,0,1,1996,8,"1996",309
"NWT","sdl","41","1996-08-06",0,NA,NA,NA,NA,0,1,1996,8,"1996",309
"NWT","sdl","47","1996-08-06",0,NA,NA,NA,NA,0,1,1996,8,"1996",309
"NWT","sdl","73","1996-08-06",0,NA,NA,NA,NA,0,1,1996,8,"1996",309
"NWT","sdl","77","1996-08-06",0,NA,NA,NA,NA,0,1,1996,8,"1996",309
"NWT","sdl","701","1996-08-06",0,NA,NA,NA,NA,0,1,1996,8,"1996",309
"NWT","sdl","16","1999-12-02",0,NA,NA,NA,NA,0,1,1999,12,"2000",62
"NWT","sdl","30","1999-12-02",0,NA,NA,NA,NA,0,1,1999,12,"2000",62
"NWT","sdl","33","1999-12-02",0,NA,NA,NA,NA,0,1,1999,12,"2000",62
"NWT","sdl","41","1999-12-02",0,NA,NA,NA,NA,0,1,1999,12,"2000",62
"NWT","sdl","47","1999-12-02",0,NA,NA,NA,NA,0,1,1999,12,"2000",62
"NWT","sdl","73","1999-12-02",0,NA,NA,NA,NA,0,1,1999,12,"2000",62
"NWT","sdl","77","1999-12-02",0,NA,NA,NA,NA,0,1,1999,12,"2000",62
"NWT","sdl","701","1999-12-02",0,NA,NA,NA,NA,0,1,1999,12,"2000",62
"NWT","sdl","16","2000-01-07",5,NA,NA,NA,NA,5,1,2000,1,"2000",97
"NWT","sdl","30","2000-01-07",0,NA,NA,NA,NA,0,1,2000,1,"2000",97
"NWT","sdl","33","2000-01-07",30,NA,NA,NA,NA,30,1,2000,1,"2000",97
"NWT","sdl","41","2000-01-07",0,NA,NA,NA,NA,0,1,2000,1,"2000",97
"NWT","sdl","47","2000-01-07",5,NA,NA,NA,NA,5,1,2000,1,"2000",97
"NWT","sdl","73","2000-01-07",0,NA,NA,NA,NA,0,1,2000,1,"2000",97
"NWT","sdl","77","2000-01-07",0,NA,NA,NA,NA,0,1,2000,1,"2000",97
"NWT","sdl","701","2000-01-07",0,NA,NA,NA,NA,0,1,2000,1,"2000",97
"NWT","sdl","16","2000-01-25",95,NA,NA,NA,NA,95,1,2000,1,"2000",115
"NWT","sdl","30","2000-01-25",5,NA,NA,NA,NA,5,1,2000,1,"2000",115
"NWT","sdl","33","2000-01-25",120,NA,NA,NA,NA,120,1,2000,1,"2000",115
"NWT","sdl","41","2000-01-25",130,NA,NA,NA,NA,130,1,2000,1,"2000",115
"NWT","sdl","47","2000-01-25",40,NA,NA,NA,NA,40,1,2000,1,"2000",115
"NWT","sdl","73","2000-01-25",160,NA,NA,NA,NA,160,1,2000,1,"2000",115
"NWT","sdl","77","2000-01-25",50,NA,NA,NA,NA,50,1,2000,1,"2000",115
"NWT","sdl","701","2000-01-25",0,NA,NA,NA,NA,0,1,2000,1,"2000",115
"NWT","sdl","16","2000-02-24",100,NA,NA,NA,NA,100,1,2000,2,"2000",145
"NWT","sdl","30","2000-02-24",0,NA,NA,NA,NA,0,1,2000,2,"2000",145
"NWT","sdl","33","2000-02-24",150,NA,NA,NA,NA,150,1,2000,2,"2000",145
"NWT","sdl","41","2000-02-24",205,NA,NA,NA,NA,205,1,2000,2,"2000",145
"NWT","sdl","47","2000-02-24",30,NA,NA,NA,NA,30,1,2000,2,"2000",145
"NWT","sdl","73","2000-02-24",280,NA,NA,NA,NA,280,1,2000,2,"2000",145
"NWT","sdl","77","2000-02-24",70,NA,NA,NA,NA,70,1,2000,2,"2000",145
"NWT","sdl","701","2000-02-24",0,NA,NA,NA,NA,0,1,2000,2,"2000",145
"NWT","sdl","16","2000-04-13",25,NA,NA,NA,NA,25,1,2000,4,"2000",194
"NWT","sdl","30","2000-04-13",0,NA,NA,NA,NA,0,1,2000,4,"2000",194
"NWT","sdl","33","2000-04-13",265,NA,NA,NA,NA,265,1,2000,4,"2000",194
"NWT","sdl","41","2000-04-13",175,NA,NA,NA,NA,175,1,2000,4,"2000",194
"NWT","sdl","47","2000-04-13",35,NA,NA,NA,NA,35,1,2000,4,"2000",194
"NWT","sdl","73","2000-04-13",250,NA,NA,NA,NA,250,1,2000,4,"2000",194
"NWT","sdl","77","2000-04-13",80,NA,NA,NA,NA,80,1,2000,4,"2000",194
"NWT","sdl","701","2000-04-13",0,NA,NA,NA,NA,0,1,2000,4,"2000",194
"NWT","sdl","16","2000-05-03",110,NA,NA,NA,NA,110,1,2000,5,"2000",214
"NWT","sdl","30","2000-05-03",0,NA,NA,NA,NA,0,1,2000,5,"2000",214
"NWT","sdl","33","2000-05-03",133,NA,NA,NA,NA,133,1,2000,5,"2000",214
"NWT","sdl","41","2000-05-03",188,NA,NA,NA,NA,188,1,2000,5,"2000",214
"NWT","sdl","47","2000-05-03",30,NA,NA,NA,NA,30,1,2000,5,"2000",214
"NWT","sdl","73","2000-05-03",178,NA,NA,NA,NA,178,1,2000,5,"2000",214
"NWT","sdl","77","2000-05-03",35,NA,NA,NA,NA,35,1,2000,5,"2000",214
"NWT","sdl","701","2000-05-03",0,NA,NA,NA,NA,0,1,2000,5,"2000",214
"NWT","sdl","16","2000-05-12",100,NA,NA,NA,NA,100,1,2000,5,"2000",223
"NWT","sdl","30","2000-05-12",0,NA,NA,NA,NA,0,1,2000,5,"2000",223
"NWT","sdl","33","2000-05-12",275,NA,NA,NA,NA,275,1,2000,5,"2000",223
"NWT","sdl","41","2000-05-12",165,NA,NA,NA,NA,165,1,2000,5,"2000",223
"NWT","sdl","47","2000-05-12",40,NA,NA,NA,NA,40,1,2000,5,"2000",223
"NWT","sdl","73","2000-05-12",330,NA,NA,NA,NA,330,1,2000,5,"2000",223
"NWT","sdl","77","2000-05-12",110,NA,NA,NA,NA,110,1,2000,5,"2000",223
"NWT","sdl","701","2000-05-12",0,NA,NA,NA,NA,0,1,2000,5,"2000",223
"NWT","sdl","16","2000-05-30",0,NA,NA,NA,NA,0,1,2000,5,"2000",241
"NWT","sdl","30","2000-05-30",0,NA,NA,NA,NA,0,1,2000,5,"2000",241
"NWT","sdl","33","2000-05-30",195,NA,NA,NA,NA,195,1,2000,5,"2000",241
"NWT","sdl","41","2000-05-30",80,NA,NA,NA,NA,80,1,2000,5,"2000",241
"NWT","sdl","47","2000-05-30",0,NA,NA,NA,NA,0,1,2000,5,"2000",241
"NWT","sdl","73","2000-05-30",160,NA,NA,NA,NA,160,1,2000,5,"2000",241
"NWT","sdl","77","2000-05-30",0,NA,NA,NA,NA,0,1,2000,5,"2000",241
"NWT","sdl","701","2000-05-30",0,NA,NA,NA,NA,0,1,2000,5,"2000",241
"NWT","sdl","16","2000-06-09",0,NA,NA,NA,NA,0,1,2000,6,"2000",251
"NWT","sdl","33","2000-06-09",130,NA,NA,NA,NA,130,1,2000,6,"2000",251
"NWT","sdl","41","2000-06-09",50,NA,NA,NA,NA,50,1,2000,6,"2000",251
"NWT","sdl","47","2000-06-09",0,NA,NA,NA,NA,0,1,2000,6,"2000",251
"NWT","sdl","73","2000-06-09",105,NA,NA,NA,NA,105,1,2000,6,"2000",251
"NWT","sdl","77","2000-06-09",0,NA,NA,NA,NA,0,1,2000,6,"2000",251
"NWT","sdl","701","2000-06-09",0,NA,NA,NA,NA,0,1,2000,6,"2000",251
"NWT","sdl","16","2000-07-10",0,NA,NA,NA,NA,0,1,2000,7,"2000",282
"NWT","sdl","30","2000-07-10",0,NA,NA,NA,NA,0,1,2000,7,"2000",282
"NWT","sdl","33","2000-07-10",0,NA,NA,NA,NA,0,1,2000,7,"2000",282
"NWT","sdl","41","2000-07-10",0,NA,NA,NA,NA,0,1,2000,7,"2000",282
"NWT","sdl","47","2000-07-10",0,NA,NA,NA,NA,0,1,2000,7,"2000",282
"NWT","sdl","73","2000-07-10",0,NA,NA,NA,NA,0,1,2000,7,"2000",282
"NWT","sdl","77","2000-07-10",0,NA,NA,NA,NA,0,1,2000,7,"2000",282
"NWT","sdl","701","2000-07-10",0,NA,NA,NA,NA,0,1,2000,7,"2000",282
"NWT","sdl","16","2003-12-04",30,NA,NA,NA,NA,30,1,2003,12,"2004",64
"NWT","sdl","30","2003-12-04",0,NA,NA,NA,NA,0,1,2003,12,"2004",64
"NWT","sdl","33","2003-12-04",50,NA,NA,NA,NA,50,1,2003,12,"2004",64
"NWT","sdl","41","2003-12-04",60,NA,NA,NA,NA,60,1,2003,12,"2004",64
"NWT","sdl","47","2003-12-04",30,NA,NA,NA,NA,30,1,2003,12,"2004",64
"NWT","sdl","73","2003-12-04",100,NA,NA,NA,NA,100,1,2003,12,"2004",64
"NWT","sdl","77","2003-12-04",0,NA,NA,NA,NA,0,1,2003,12,"2004",64
"NWT","sdl","701","2003-12-04",0,NA,NA,NA,NA,0,1,2003,12,"2004",64
"NWT","sdl","16","2004-01-13",30,NA,NA,NA,NA,30,1,2004,1,"2004",103
"NWT","sdl","30","2004-01-13",0,NA,NA,NA,NA,0,1,2004,1,"2004",103
"NWT","sdl","33","2004-01-13",90,NA,NA,NA,NA,90,1,2004,1,"2004",103
"NWT","sdl","41","2004-01-13",30,NA,NA,NA,NA,30,1,2004,1,"2004",103
"NWT","sdl","47","2004-01-13",30,NA,NA,NA,NA,30,1,2004,1,"2004",103
"NWT","sdl","73","2004-01-13",120,NA,NA,NA,NA,120,1,2004,1,"2004",103
"NWT","sdl","77","2004-01-13",0,NA,NA,NA,NA,0,1,2004,1,"2004",103
"NWT","sdl","701","2004-01-13",0,NA,NA,NA,NA,0,1,2004,1,"2004",103
"NWT","sdl","16","2004-02-03",50,NA,NA,NA,NA,50,1,2004,2,"2004",124
"NWT","sdl","30","2004-02-03",0,NA,NA,NA,NA,0,1,2004,2,"2004",124
"NWT","sdl","33","2004-02-03",90,NA,NA,NA,NA,90,1,2004,2,"2004",124
"NWT","sdl","41","2004-02-03",70,NA,NA,NA,NA,70,1,2004,2,"2004",124
"NWT","sdl","47","2004-02-03",30,NA,NA,NA,NA,30,1,2004,2,"2004",124
"NWT","sdl","73","2004-02-03",120,NA,NA,NA,NA,120,1,2004,2,"2004",124
"NWT","sdl","77","2004-02-03",0,NA,NA,NA,NA,0,1,2004,2,"2004",124
"NWT","sdl","701","2004-02-03",0,NA,NA,NA,NA,0,1,2004,2,"2004",124
"NWT","sdl","16","2004-02-18",30,NA,NA,NA,NA,30,1,2004,2,"2004",139
"NWT","sdl","30","2004-02-18",0,NA,NA,NA,NA,0,1,2004,2,"2004",139
"NWT","sdl","33","2004-02-18",110,NA,NA,NA,NA,110,1,2004,2,"2004",139
"NWT","sdl","41","2004-02-18",70,NA,NA,NA,NA,70,1,2004,2,"2004",139
"NWT","sdl","47","2004-02-18",30,NA,NA,NA,NA,30,1,2004,2,"2004",139
"NWT","sdl","73","2004-02-18",110,NA,NA,NA,NA,110,1,2004,2,"2004",139
"NWT","sdl","77","2004-02-18",0,NA,NA,NA,NA,0,1,2004,2,"2004",139
"NWT","sdl","701","2004-02-18",0,NA,NA,NA,NA,0,1,2004,2,"2004",139
"NWT","sdl","16","2004-03-02",40,NA,NA,NA,NA,40,1,2004,3,"2004",152
"NWT","sdl","30","2004-03-02",0,NA,NA,NA,NA,0,1,2004,3,"2004",152
"NWT","sdl","33","2004-03-02",140,NA,NA,NA,NA,140,1,2004,3,"2004",152
"NWT","sdl","41","2004-03-02",80,NA,NA,NA,NA,80,1,2004,3,"2004",152
"NWT","sdl","47","2004-03-02",10,NA,NA,NA,NA,10,1,2004,3,"2004",152
"NWT","sdl","73","2004-03-02",150,NA,NA,NA,NA,150,1,2004,3,"2004",152
"NWT","sdl","77","2004-03-02",40,NA,NA,NA,NA,40,1,2004,3,"2004",152
"NWT","sdl","701","2004-03-02",0,NA,NA,NA,NA,0,1,2004,3,"2004",152
"NWT","sdl","16","2004-03-19",40,NA,NA,NA,NA,40,1,2004,3,"2004",169
"NWT","sdl","30","2004-03-19",0,NA,NA,NA,NA,0,1,2004,3,"2004",169
"NWT","sdl","33","2004-03-19",130,NA,NA,NA,NA,130,1,2004,3,"2004",169
"NWT","sdl","41","2004-03-19",80,NA,NA,NA,NA,80,1,2004,3,"2004",169
"NWT","sdl","47","2004-03-19",30,NA,NA,NA,NA,30,1,2004,3,"2004",169
"NWT","sdl","73","2004-03-19",140,NA,NA,NA,NA,140,1,2004,3,"2004",169
"NWT","sdl","77","2004-03-19",40,NA,NA,NA,NA,40,1,2004,3,"2004",169
"NWT","sdl","701","2004-03-19",0,NA,NA,NA,NA,0,1,2004,3,"2004",169
"NWT","sdl","16","2004-03-30",40,NA,NA,NA,NA,40,1,2004,3,"2004",180
"NWT","sdl","30","2004-03-30",0,NA,NA,NA,NA,0,1,2004,3,"2004",180
"NWT","sdl","33","2004-03-30",140,NA,NA,NA,NA,140,1,2004,3,"2004",180
"NWT","sdl","41","2004-03-30",90,NA,NA,NA,NA,90,1,2004,3,"2004",180
"NWT","sdl","47","2004-03-30",30,NA,NA,NA,NA,30,1,2004,3,"2004",180
"NWT","sdl","73","2004-03-30",150,NA,NA,NA,NA,150,1,2004,3,"2004",180
"NWT","sdl","77","2004-03-30",50,NA,NA,NA,NA,50,1,2004,3,"2004",180
"NWT","sdl","701","2004-03-30",0,NA,NA,NA,NA,0,1,2004,3,"2004",180
"NWT","sdl","16","2004-04-14",90,NA,NA,NA,NA,90,1,2004,4,"2004",195
"NWT","sdl","30","2004-04-14",60,NA,NA,NA,NA,60,1,2004,4,"2004",195
"NWT","sdl","33","2004-04-14",200,NA,NA,NA,NA,200,1,2004,4,"2004",195
"NWT","sdl","41","2004-04-14",120,NA,NA,NA,NA,120,1,2004,4,"2004",195
"NWT","sdl","47","2004-04-14",70,NA,NA,NA,NA,70,1,2004,4,"2004",195
"NWT","sdl","73","2004-04-14",175,NA,NA,NA,NA,175,1,2004,4,"2004",195
"NWT","sdl","77","2004-04-14",100,NA,NA,NA,NA,100,1,2004,4,"2004",195
"NWT","sdl","701","2004-04-14",50,NA,NA,NA,NA,50,1,2004,4,"2004",195
"NWT","sdl","16","2004-04-27",110,NA,NA,NA,NA,110,1,2004,4,"2004",208
"NWT","sdl","30","2004-04-27",60,NA,NA,NA,NA,60,1,2004,4,"2004",208
"NWT","sdl","33","2004-04-27",210,NA,NA,NA,NA,210,1,2004,4,"2004",208
"NWT","sdl","41","2004-04-27",140,NA,NA,NA,NA,140,1,2004,4,"2004",208
"NWT","sdl","47","2004-04-27",80,NA,NA,NA,NA,80,1,2004,4,"2004",208
"NWT","sdl","73","2004-04-27",220,NA,NA,NA,NA,220,1,2004,4,"2004",208
"NWT","sdl","77","2004-04-27",120,NA,NA,NA,NA,120,1,2004,4,"2004",208
"NWT","sdl","701","2004-04-27",50,NA,NA,NA,NA,50,1,2004,4,"2004",208
"NWT","sdl","16","2004-05-18",50,NA,NA,NA,NA,50,1,2004,5,"2004",229
"NWT","sdl","30","2004-05-18",0,NA,NA,NA,NA,0,1,2004,5,"2004",229
"NWT","sdl","33","2004-05-18",180,NA,NA,NA,NA,180,1,2004,5,"2004",229
"NWT","sdl","41","2004-05-18",120,NA,NA,NA,NA,120,1,2004,5,"2004",229
"NWT","sdl","47","2004-05-18",35,NA,NA,NA,NA,35,1,2004,5,"2004",229
"NWT","sdl","73","2004-05-18",160,NA,NA,NA,NA,160,1,2004,5,"2004",229
"NWT","sdl","77","2004-05-18",70,NA,NA,NA,NA,70,1,2004,5,"2004",229
"NWT","sdl","701","2004-05-18",0,NA,NA,NA,NA,0,1,2004,5,"2004",229
"NWT","sdl","16","2004-05-27",20,NA,NA,NA,NA,20,1,2004,5,"2004",238
"NWT","sdl","30","2004-05-27",0,NA,NA,NA,NA,0,1,2004,5,"2004",238
"NWT","sdl","33","2004-05-27",130,NA,NA,NA,NA,130,1,2004,5,"2004",238
"NWT","sdl","41","2004-05-27",65,NA,NA,NA,NA,65,1,2004,5,"2004",238
"NWT","sdl","47","2004-05-27",20,NA,NA,NA,NA,20,1,2004,5,"2004",238
"NWT","sdl","73","2004-05-27",120,NA,NA,NA,NA,120,1,2004,5,"2004",238
"NWT","sdl","77","2004-05-27",40,NA,NA,NA,NA,40,1,2004,5,"2004",238
"NWT","sdl","701","2004-05-27",0,NA,NA,NA,NA,0,1,2004,5,"2004",238
"NWT","sdl","16","2004-06-07",0,NA,NA,NA,NA,0,1,2004,6,"2004",249
"NWT","sdl","30","2004-06-07",0,NA,NA,NA,NA,0,1,2004,6,"2004",249
"NWT","sdl","33","2004-06-07",85,NA,NA,NA,NA,85,1,2004,6,"2004",249
"NWT","sdl","41","2004-06-07",10,NA,NA,NA,NA,10,1,2004,6,"2004",249
"NWT","sdl","47","2004-06-07",0,NA,NA,NA,NA,0,1,2004,6,"2004",249
"NWT","sdl","73","2004-06-07",90,NA,NA,NA,NA,90,1,2004,6,"2004",249
"NWT","sdl","77","2004-06-07",0,NA,NA,NA,NA,0,1,2004,6,"2004",249
"NWT","sdl","701","2004-06-07",0,NA,NA,NA,NA,0,1,2004,6,"2004",249
"NWT","sdl","16","2004-06-22",0,NA,NA,NA,NA,0,1,2004,6,"2004",264
"NWT","sdl","30","2004-06-22",0,NA,NA,NA,NA,0,1,2004,6,"2004",264
"NWT","sdl","33","2004-06-22",0,NA,NA,NA,NA,0,1,2004,6,"2004",264
"NWT","sdl","41","2004-06-22",0,NA,NA,NA,NA,0,1,2004,6,"2004",264
"NWT","sdl","47","2004-06-22",0,NA,NA,NA,NA,0,1,2004,6,"2004",264
"NWT","sdl","73","2004-06-22",0,NA,NA,NA,NA,0,1,2004,6,"2004",264
"NWT","sdl","77","2004-06-22",0,NA,NA,NA,NA,0,1,2004,6,"2004",264
"NWT","sdl","701","2004-06-22",0,NA,NA,NA,NA,0,1,2004,6,"2004",264
"NWT","sdl","16","2004-07-06",0,NA,NA,NA,NA,0,1,2004,7,"2004",278
"NWT","sdl","30","2004-07-06",0,NA,NA,NA,NA,0,1,2004,7,"2004",278
"NWT","sdl","33","2004-07-06",0,NA,NA,NA,NA,0,1,2004,7,"2004",278
"NWT","sdl","41","2004-07-06",0,NA,NA,NA,NA,0,1,2004,7,"2004",278
"NWT","sdl","47","2004-07-06",0,NA,NA,NA,NA,0,1,2004,7,"2004",278
"NWT","sdl","73","2004-07-06",0,NA,NA,NA,NA,0,1,2004,7,"2004",278
"NWT","sdl","77","2004-07-06",0,NA,NA,NA,NA,0,1,2004,7,"2004",278
"NWT","sdl","701","2004-07-06",0,NA,NA,NA,NA,0,1,2004,7,"2004",278
"NWT","sdl","16","2006-11-01",15,NA,NA,NA,NA,15,1,2006,11,"2007",31
"NWT","sdl","30","2006-11-01",0,NA,NA,NA,NA,0,1,2006,11,"2007",31
"NWT","sdl","33","2006-11-01",40,NA,NA,NA,NA,40,1,2006,11,"2007",31
"NWT","sdl","41","2006-11-01",20,NA,NA,NA,NA,20,1,2006,11,"2007",31
"NWT","sdl","47","2006-11-01",40,NA,NA,NA,NA,40,1,2006,11,"2007",31
"NWT","sdl","73","2006-11-01",70,NA,NA,NA,NA,70,1,2006,11,"2007",31
"NWT","sdl","77","2006-11-01",10,NA,NA,NA,NA,10,1,2006,11,"2007",31
"NWT","sdl","701","2006-11-01",0,NA,NA,NA,NA,0,1,2006,11,"2007",31
"NWT","sdl","16","2006-11-21",20,NA,NA,NA,NA,20,1,2006,11,"2007",51
"NWT","sdl","30","2006-11-21",0,NA,NA,NA,NA,0,1,2006,11,"2007",51
"NWT","sdl","33","2006-11-21",70,NA,NA,NA,NA,70,1,2006,11,"2007",51
"NWT","sdl","41","2006-11-21",10,NA,NA,NA,NA,10,1,2006,11,"2007",51
"NWT","sdl","47","2006-11-21",60,NA,NA,NA,NA,60,1,2006,11,"2007",51
"NWT","sdl","73","2006-11-21",60,NA,NA,NA,NA,60,1,2006,11,"2007",51
"NWT","sdl","77","2006-11-21",0,NA,NA,NA,NA,0,1,2006,11,"2007",51
"NWT","sdl","701","2006-11-21",0,NA,NA,NA,NA,0,1,2006,11,"2007",51
"NWT","sdl","16","2006-12-27",10,NA,NA,NA,NA,10,1,2006,12,"2007",87
"NWT","sdl","30","2006-12-27",0,NA,NA,NA,NA,0,1,2006,12,"2007",87
"NWT","sdl","33","2006-12-27",90,NA,NA,NA,NA,90,1,2006,12,"2007",87
"NWT","sdl","41","2006-12-27",20,NA,NA,NA,NA,20,1,2006,12,"2007",87
"NWT","sdl","47","2006-12-27",40,NA,NA,NA,NA,40,1,2006,12,"2007",87
"NWT","sdl","73","2006-12-27",80,NA,NA,NA,NA,80,1,2006,12,"2007",87
"NWT","sdl","77","2006-12-27",0,NA,NA,NA,NA,0,1,2006,12,"2007",87
"NWT","sdl","701","2006-12-27",0,NA,NA,NA,NA,0,1,2006,12,"2007",87
"NWT","sdl","16","2007-02-06",20,NA,NA,NA,NA,20,1,2007,2,"2007",131
"NWT","sdl","30","2007-02-06",0,NA,NA,NA,NA,0,1,2007,2,"2007",131
"NWT","sdl","33","2007-02-06",80,NA,NA,NA,NA,80,1,2007,2,"2007",131
"NWT","sdl","41","2007-02-06",20,NA,NA,NA,NA,20,1,2007,2,"2007",131
"NWT","sdl","47","2007-02-06",10,NA,NA,NA,NA,10,1,2007,2,"2007",131
"NWT","sdl","73","2007-02-06",50,NA,NA,NA,NA,50,1,2007,2,"2007",131
"NWT","sdl","77","2007-02-06",10,NA,NA,NA,NA,10,1,2007,2,"2007",131
"NWT","sdl","701","2007-02-06",0,NA,NA,NA,NA,0,1,2007,2,"2007",131
"NWT","sdl","16","2007-03-14",20,NA,NA,NA,NA,20,1,2007,3,"2007",167
"NWT","sdl","30","2007-03-14",0,NA,NA,NA,NA,0,1,2007,3,"2007",167
"NWT","sdl","33","2007-03-14",100,NA,NA,NA,NA,100,1,2007,3,"2007",167
"NWT","sdl","41","2007-03-14",40,NA,NA,NA,NA,40,1,2007,3,"2007",167
"NWT","sdl","47","2007-03-14",20,NA,NA,NA,NA,20,1,2007,3,"2007",167
"NWT","sdl","73","2007-03-14",70,NA,NA,NA,NA,70,1,2007,3,"2007",167
"NWT","sdl","77","2007-03-14",10,NA,NA,NA,NA,10,1,2007,3,"2007",167
"NWT","sdl","701","2007-03-14",10,NA,NA,NA,NA,10,1,2007,3,"2007",167
"NWT","sdl","16","2007-04-06",30,NA,NA,NA,NA,30,1,2007,4,"2007",190
"NWT","sdl","30","2007-04-06",0,NA,NA,NA,NA,0,1,2007,4,"2007",190
"NWT","sdl","33","2007-04-06",140,NA,NA,NA,NA,140,1,2007,4,"2007",190
"NWT","sdl","41","2007-04-06",60,NA,NA,NA,NA,60,1,2007,4,"2007",190
"NWT","sdl","47","2007-04-06",30,NA,NA,NA,NA,30,1,2007,4,"2007",190
"NWT","sdl","73","2007-04-06",120,NA,NA,NA,NA,120,1,2007,4,"2007",190
"NWT","sdl","77","2007-04-06",30,NA,NA,NA,NA,30,1,2007,4,"2007",190
"NWT","sdl","701","2007-04-06",0,NA,NA,NA,NA,0,1,2007,4,"2007",190
"NWT","sdl","16","2007-04-12",50,NA,NA,NA,NA,50,1,2007,4,"2007",196
"NWT","sdl","30","2007-04-12",0,NA,NA,NA,NA,0,1,2007,4,"2007",196
"NWT","sdl","33","2007-04-12",195,NA,NA,NA,NA,195,1,2007,4,"2007",196
"NWT","sdl","41","2007-04-12",100,NA,NA,NA,NA,100,1,2007,4,"2007",196
"NWT","sdl","47","2007-04-12",20,NA,NA,NA,NA,20,1,2007,4,"2007",196
"NWT","sdl","73","2007-04-12",120,NA,NA,NA,NA,120,1,2007,4,"2007",196
"NWT","sdl","77","2007-04-12",50,NA,NA,NA,NA,50,1,2007,4,"2007",196
"NWT","sdl","701","2007-04-12",5,NA,NA,NA,NA,5,1,2007,4,"2007",196
"NWT","sdl","16","2007-04-20",55,NA,NA,NA,NA,55,1,2007,4,"2007",204
"NWT","sdl","30","2007-04-20",15,NA,NA,NA,NA,15,1,2007,4,"2007",204
"NWT","sdl","33","2007-04-20",215,NA,NA,NA,NA,215,1,2007,4,"2007",204
"NWT","sdl","41","2007-04-20",90,NA,NA,NA,NA,90,1,2007,4,"2007",204
"NWT","sdl","47","2007-04-20",35,NA,NA,NA,NA,35,1,2007,4,"2007",204
"NWT","sdl","73","2007-04-20",110,NA,NA,NA,NA,110,1,2007,4,"2007",204
"NWT","sdl","77","2007-04-20",70,NA,NA,NA,NA,70,1,2007,4,"2007",204
"NWT","sdl","701","2007-04-20",15,NA,NA,NA,NA,15,1,2007,4,"2007",204
"NWT","sdl","16","2007-05-01",55,NA,NA,NA,NA,55,1,2007,5,"2007",215
"NWT","sdl","30","2007-05-01",0,NA,NA,NA,NA,0,1,2007,5,"2007",215
"NWT","sdl","33","2007-05-01",200,NA,NA,NA,NA,200,1,2007,5,"2007",215
"NWT","sdl","41","2007-05-01",100,NA,NA,NA,NA,100,1,2007,5,"2007",215
"NWT","sdl","47","2007-05-01",15,NA,NA,NA,NA,15,1,2007,5,"2007",215
"NWT","sdl","73","2007-05-01",120,NA,NA,NA,NA,120,1,2007,5,"2007",215
"NWT","sdl","77","2007-05-01",50,NA,NA,NA,NA,50,1,2007,5,"2007",215
"NWT","sdl","701","2007-05-01",0,NA,NA,NA,NA,0,1,2007,5,"2007",215
"NWT","sdl","16","2007-05-09",65,NA,NA,NA,NA,65,1,2007,5,"2007",223
"NWT","sdl","30","2007-05-09",30,NA,NA,NA,NA,30,1,2007,5,"2007",223
"NWT","sdl","33","2007-05-09",215,NA,NA,NA,NA,215,1,2007,5,"2007",223
"NWT","sdl","41","2007-05-09",240,NA,NA,NA,NA,240,1,2007,5,"2007",223
"NWT","sdl","47","2007-05-09",40,NA,NA,NA,NA,40,1,2007,5,"2007",223
"NWT","sdl","73","2007-05-09",130,NA,NA,NA,NA,130,1,2007,5,"2007",223
"NWT","sdl","77","2007-05-09",65,NA,NA,NA,NA,65,1,2007,5,"2007",223
"NWT","sdl","701","2007-05-09",20,NA,NA,NA,NA,20,1,2007,5,"2007",223
"NWT","sdl","16","2007-05-18",40,NA,NA,NA,NA,40,1,2007,5,"2007",232
"NWT","sdl","30","2007-05-18",0,NA,NA,NA,NA,0,1,2007,5,"2007",232
"NWT","sdl","33","2007-05-18",155,NA,NA,NA,NA,155,1,2007,5,"2007",232
"NWT","sdl","41","2007-05-18",90,NA,NA,NA,NA,90,1,2007,5,"2007",232
"NWT","sdl","47","2007-05-18",0,NA,NA,NA,NA,0,1,2007,5,"2007",232
"NWT","sdl","73","2007-05-18",105,NA,NA,NA,NA,105,1,2007,5,"2007",232
"NWT","sdl","77","2007-05-18",20,NA,NA,NA,NA,20,1,2007,5,"2007",232
"NWT","sdl","701","2007-05-18",0,NA,NA,NA,NA,0,1,2007,5,"2007",232
"NWT","sdl","16","2007-05-25",10,NA,NA,NA,NA,10,1,2007,5,"2007",239
"NWT","sdl","30","2007-05-25",5,NA,NA,NA,NA,5,1,2007,5,"2007",239
"NWT","sdl","33","2007-05-25",135,NA,NA,NA,NA,135,1,2007,5,"2007",239
"NWT","sdl","41","2007-05-25",25,NA,NA,NA,NA,25,1,2007,5,"2007",239
"NWT","sdl","47","2007-05-25",40,NA,NA,NA,NA,40,1,2007,5,"2007",239
"NWT","sdl","73","2007-05-25",100,NA,NA,NA,NA,100,1,2007,5,"2007",239
"NWT","sdl","77","2007-05-25",10,NA,NA,NA,NA,10,1,2007,5,"2007",239
"NWT","sdl","701","2007-05-25",10,NA,NA,NA,NA,10,1,2007,5,"2007",239
"NWT","sdl","16","2007-06-01",0,NA,NA,NA,NA,0,1,2007,6,"2007",246
"NWT","sdl","30","2007-06-01",0,NA,NA,NA,NA,0,1,2007,6,"2007",246
"NWT","sdl","33","2007-06-01",100,NA,NA,NA,NA,100,1,2007,6,"2007",246
"NWT","sdl","41","2007-06-01",10,NA,NA,NA,NA,10,1,2007,6,"2007",246
"NWT","sdl","47","2007-06-01",25,NA,NA,NA,NA,25,1,2007,6,"2007",246
"NWT","sdl","73","2007-06-01",60,NA,NA,NA,NA,60,1,2007,6,"2007",246
"NWT","sdl","77","2007-06-01",0,NA,NA,NA,NA,0,1,2007,6,"2007",246
"NWT","sdl","701","2007-06-01",0,NA,NA,NA,NA,0,1,2007,6,"2007",246
"NWT","sdl","16","2007-06-13",0,NA,NA,NA,NA,0,1,2007,6,"2007",258
"NWT","sdl","30","2007-06-13",0,NA,NA,NA,NA,0,1,2007,6,"2007",258
"NWT","sdl","33","2007-06-13",60,NA,NA,NA,NA,60,1,2007,6,"2007",258
"NWT","sdl","41","2007-06-13",10,NA,NA,NA,NA,10,1,2007,6,"2007",258
"NWT","sdl","47","2007-06-13",0,NA,NA,NA,NA,0,1,2007,6,"2007",258
"NWT","sdl","73","2007-06-13",30,NA,NA,NA,NA,30,1,2007,6,"2007",258
"NWT","sdl","77","2007-06-13",70,NA,NA,NA,NA,70,1,2007,6,"2007",258
"NWT","sdl","701","2007-06-13",0,NA,NA,NA,NA,0,1,2007,6,"2007",258
"NWT","sdl","16","2007-06-22",0,NA,NA,NA,NA,0,1,2007,6,"2007",267
"NWT","sdl","30","2007-06-22",0,NA,NA,NA,NA,0,1,2007,6,"2007",267
"NWT","sdl","33","2007-06-22",0,NA,NA,NA,NA,0,1,2007,6,"2007",267
"NWT","sdl","41","2007-06-22",0,NA,NA,NA,NA,0,1,2007,6,"2007",267
"NWT","sdl","47","2007-06-22",0,NA,NA,NA,NA,0,1,2007,6,"2007",267
"NWT","sdl","73","2007-06-22",0,NA,NA,NA,NA,0,1,2007,6,"2007",267
"NWT","sdl","77","2007-06-22",45,NA,NA,NA,NA,45,1,2007,6,"2007",267
"NWT","sdl","701","2007-06-22",0,NA,NA,NA,NA,0,1,2007,6,"2007",267
"NWT","sdl","16","2007-06-26",0,NA,NA,NA,NA,0,1,2007,6,"2007",271
"NWT","sdl","30","2007-06-26",0,NA,NA,NA,NA,0,1,2007,6,"2007",271
"NWT","sdl","33","2007-06-26",0,NA,NA,NA,NA,0,1,2007,6,"2007",271
"NWT","sdl","41","2007-06-26",0,NA,NA,NA,NA,0,1,2007,6,"2007",271
"NWT","sdl","47","2007-06-26",0,NA,NA,NA,NA,0,1,2007,6,"2007",271
"NWT","sdl","73","2007-06-26",0,NA,NA,NA,NA,0,1,2007,6,"2007",271
"NWT","sdl","77","2007-06-26",0,NA,NA,NA,NA,0,1,2007,6,"2007",271
"NWT","sdl","701","2007-06-26",0,NA,NA,NA,NA,0,1,2007,6,"2007",271
"NWT","sdl","16","2007-07-03",0,NA,NA,NA,NA,0,1,2007,7,"2007",278
"NWT","sdl","30","2007-07-03",0,NA,NA,NA,NA,0,1,2007,7,"2007",278
"NWT","sdl","33","2007-07-03",0,NA,NA,NA,NA,0,1,2007,7,"2007",278
"NWT","sdl","41","2007-07-03",0,NA,NA,NA,NA,0,1,2007,7,"2007",278
"NWT","sdl","47","2007-07-03",0,NA,NA,NA,NA,0,1,2007,7,"2007",278
"NWT","sdl","73","2007-07-03",0,NA,NA,NA,NA,0,1,2007,7,"2007",278
"NWT","sdl","77","2007-07-03",0,NA,NA,NA,NA,0,1,2007,7,"2007",278
"NWT","sdl","701","2007-07-03",0,NA,NA,NA,NA,0,1,2007,7,"2007",278
"NWT","sdl","16","2007-07-10",0,NA,NA,NA,NA,0,1,2007,7,"2007",285
"NWT","sdl","30","2007-07-10",0,NA,NA,NA,NA,0,1,2007,7,"2007",285
"NWT","sdl","33","2007-07-10",0,NA,NA,NA,NA,0,1,2007,7,"2007",285
"NWT","sdl","41","2007-07-10",0,NA,NA,NA,NA,0,1,2007,7,"2007",285
"NWT","sdl","47","2007-07-10",0,NA,NA,NA,NA,0,1,2007,7,"2007",285
"NWT","sdl","73","2007-07-10",0,NA,NA,NA,NA,0,1,2007,7,"2007",285
"NWT","sdl","77","2007-07-10",0,NA,NA,NA,NA,0,1,2007,7,"2007",285
"NWT","sdl","701","2007-07-10",0,NA,NA,NA,NA,0,1,2007,7,"2007",285
"NWT","sdl","16","2008-11-18",0,NA,NA,NA,NA,0,1,2008,11,"2009",48
"NWT","sdl","30","2008-11-18",0,NA,NA,NA,NA,0,1,2008,11,"2009",48
"NWT","sdl","33","2008-11-18",0,NA,NA,NA,NA,0,1,2008,11,"2009",48
"NWT","sdl","41","2008-11-18",0,NA,NA,NA,NA,0,1,2008,11,"2009",48
"NWT","sdl","47","2008-11-18",45,NA,NA,NA,NA,45,1,2008,11,"2009",48
"NWT","sdl","73","2008-11-18",0,NA,NA,NA,NA,0,1,2008,11,"2009",48
"NWT","sdl","77","2008-11-18",0,NA,NA,NA,NA,0,1,2008,11,"2009",48
"NWT","sdl","701","2008-11-18",0,NA,NA,NA,NA,0,1,2008,11,"2009",48
"NWT","sdl","16","2008-12-04",20,NA,NA,NA,NA,20,1,2008,12,"2009",64
"NWT","sdl","30","2008-12-04",10,NA,NA,NA,NA,10,1,2008,12,"2009",64
"NWT","sdl","33","2008-12-04",20,NA,NA,NA,NA,20,1,2008,12,"2009",64
"NWT","sdl","41","2008-12-04",50,NA,NA,NA,NA,50,1,2008,12,"2009",64
"NWT","sdl","47","2008-12-04",40,NA,NA,NA,NA,40,1,2008,12,"2009",64
"NWT","sdl","73","2008-12-04",30,NA,NA,NA,NA,30,1,2008,12,"2009",64
"NWT","sdl","77","2008-12-04",30,NA,NA,NA,NA,30,1,2008,12,"2009",64
"NWT","sdl","701","2008-12-04",10,NA,NA,NA,NA,10,1,2008,12,"2009",64
"NWT","sdl","16","2008-12-22",50,NA,NA,NA,NA,50,1,2008,12,"2009",82
"NWT","sdl","30","2008-12-22",10,NA,NA,NA,NA,10,1,2008,12,"2009",82
"NWT","sdl","33","2008-12-22",25,NA,NA,NA,NA,25,1,2008,12,"2009",82
"NWT","sdl","41","2008-12-22",10,NA,NA,NA,NA,10,1,2008,12,"2009",82
"NWT","sdl","47","2008-12-22",35,NA,NA,NA,NA,35,1,2008,12,"2009",82
"NWT","sdl","73","2008-12-22",60,NA,NA,NA,NA,60,1,2008,12,"2009",82
"NWT","sdl","77","2008-12-22",20,NA,NA,NA,NA,20,1,2008,12,"2009",82
"NWT","sdl","701","2008-12-22",10,NA,NA,NA,NA,10,1,2008,12,"2009",82
"NWT","sdl","16","2008-12-30",40,NA,NA,NA,NA,40,1,2008,12,"2009",90
"NWT","sdl","30","2008-12-30",0,NA,NA,NA,NA,0,1,2008,12,"2009",90
"NWT","sdl","33","2008-12-30",45,NA,NA,NA,NA,45,1,2008,12,"2009",90
"NWT","sdl","41","2008-12-30",20,NA,NA,NA,NA,20,1,2008,12,"2009",90
"NWT","sdl","47","2008-12-30",30,NA,NA,NA,NA,30,1,2008,12,"2009",90
"NWT","sdl","73","2008-12-30",50,NA,NA,NA,NA,50,1,2008,12,"2009",90
"NWT","sdl","77","2008-12-30",0,NA,NA,NA,NA,0,1,2008,12,"2009",90
"NWT","sdl","701","2008-12-30",0,NA,NA,NA,NA,0,1,2008,12,"2009",90
"NWT","sdl","16","2009-01-20",30,NA,NA,NA,NA,30,1,2009,1,"2009",112
"NWT","sdl","30","2009-01-20",0,NA,NA,NA,NA,0,1,2009,1,"2009",112
"NWT","sdl","33","2009-01-20",45,NA,NA,NA,NA,45,1,2009,1,"2009",112
"NWT","sdl","41","2009-01-20",10,NA,NA,NA,NA,10,1,2009,1,"2009",112
"NWT","sdl","47","2009-01-20",40,NA,NA,NA,NA,40,1,2009,1,"2009",112
"NWT","sdl","73","2009-01-20",40,NA,NA,NA,NA,40,1,2009,1,"2009",112
"NWT","sdl","77","2009-01-20",0,NA,NA,NA,NA,0,1,2009,1,"2009",112
"NWT","sdl","701","2009-01-20",0,NA,NA,NA,NA,0,1,2009,1,"2009",112
"NWT","sdl","16","2009-02-02",40,NA,NA,NA,NA,40,1,2009,2,"2009",125
"NWT","sdl","30","2009-02-02",0,NA,NA,NA,NA,0,1,2009,2,"2009",125
"NWT","sdl","33","2009-02-02",120,NA,NA,NA,NA,120,1,2009,2,"2009",125
"NWT","sdl","41","2009-02-02",30,NA,NA,NA,NA,30,1,2009,2,"2009",125
"NWT","sdl","47","2009-02-02",40,NA,NA,NA,NA,40,1,2009,2,"2009",125
"NWT","sdl","73","2009-02-02",130,NA,NA,NA,NA,130,1,2009,2,"2009",125
"NWT","sdl","77","2009-02-02",20,NA,NA,NA,NA,20,1,2009,2,"2009",125
"NWT","sdl","701","2009-02-02",0,NA,NA,NA,NA,0,1,2009,2,"2009",125
"NWT","sdl","16","2009-02-10",50,NA,NA,NA,NA,50,1,2009,2,"2009",133
"NWT","sdl","30","2009-02-10",0,NA,NA,NA,NA,0,1,2009,2,"2009",133
"NWT","sdl","33","2009-02-10",130,NA,NA,NA,NA,130,1,2009,2,"2009",133
"NWT","sdl","41","2009-02-10",60,NA,NA,NA,NA,60,1,2009,2,"2009",133
"NWT","sdl","47","2009-02-10",40,NA,NA,NA,NA,40,1,2009,2,"2009",133
"NWT","sdl","73","2009-02-10",110,NA,NA,NA,NA,110,1,2009,2,"2009",133
"NWT","sdl","77","2009-02-10",40,NA,NA,NA,NA,40,1,2009,2,"2009",133
"NWT","sdl","701","2009-02-10",0,NA,NA,NA,NA,0,1,2009,2,"2009",133
"NWT","sdl","16","2009-02-24",70,NA,NA,NA,NA,70,1,2009,2,"2009",147
"NWT","sdl","30","2009-02-24",10,NA,NA,NA,NA,10,1,2009,2,"2009",147
"NWT","sdl","33","2009-02-24",160,NA,NA,NA,NA,160,1,2009,2,"2009",147
"NWT","sdl","41","2009-02-24",20,NA,NA,NA,NA,20,1,2009,2,"2009",147
"NWT","sdl","47","2009-02-24",40,NA,NA,NA,NA,40,1,2009,2,"2009",147
"NWT","sdl","73","2009-02-24",100,NA,NA,NA,NA,100,1,2009,2,"2009",147
"NWT","sdl","77","2009-02-24",60,NA,NA,NA,NA,60,1,2009,2,"2009",147
"NWT","sdl","701","2009-02-24",10,NA,NA,NA,NA,10,1,2009,2,"2009",147
"NWT","sdl","16","2009-03-06",60,NA,NA,NA,NA,60,1,2009,3,"2009",157
"NWT","sdl","30","2009-03-06",0,NA,NA,NA,NA,0,1,2009,3,"2009",157
"NWT","sdl","33","2009-03-06",155,NA,NA,NA,NA,155,1,2009,3,"2009",157
"NWT","sdl","41","2009-03-06",15,NA,NA,NA,NA,15,1,2009,3,"2009",157
"NWT","sdl","47","2009-03-06",45,NA,NA,NA,NA,45,1,2009,3,"2009",157
"NWT","sdl","73","2009-03-06",100,NA,NA,NA,NA,100,1,2009,3,"2009",157
"NWT","sdl","77","2009-03-06",60,NA,NA,NA,NA,60,1,2009,3,"2009",157
"NWT","sdl","701","2009-03-06",0,NA,NA,NA,NA,0,1,2009,3,"2009",157
"NWT","sdl","16","2009-03-12",70,NA,NA,NA,NA,70,1,2009,3,"2009",163
"NWT","sdl","30","2009-03-12",0,NA,NA,NA,NA,0,1,2009,3,"2009",163
"NWT","sdl","33","2009-03-12",155,NA,NA,NA,NA,155,1,2009,3,"2009",163
"NWT","sdl","41","2009-03-12",30,NA,NA,NA,NA,30,1,2009,3,"2009",163
"NWT","sdl","47","2009-03-12",50,NA,NA,NA,NA,50,1,2009,3,"2009",163
"NWT","sdl","73","2009-03-12",110,NA,NA,NA,NA,110,1,2009,3,"2009",163
"NWT","sdl","77","2009-03-12",40,NA,NA,NA,NA,40,1,2009,3,"2009",163
"NWT","sdl","701","2009-03-12",0,NA,NA,NA,NA,0,1,2009,3,"2009",163
"NWT","sdl","16","2009-03-18",60,NA,NA,NA,NA,60,1,2009,3,"2009",169
"NWT","sdl","30","2009-03-18",0,NA,NA,NA,NA,0,1,2009,3,"2009",169
"NWT","sdl","33","2009-03-18",150,NA,NA,NA,NA,150,1,2009,3,"2009",169
"NWT","sdl","41","2009-03-18",5,NA,NA,NA,NA,5,1,2009,3,"2009",169
"NWT","sdl","47","2009-03-18",25,NA,NA,NA,NA,25,1,2009,3,"2009",169
"NWT","sdl","73","2009-03-18",85,NA,NA,NA,NA,85,1,2009,3,"2009",169
"NWT","sdl","77","2009-03-18",60,NA,NA,NA,NA,60,1,2009,3,"2009",169
"NWT","sdl","701","2009-03-18",0,NA,NA,NA,NA,0,1,2009,3,"2009",169
"NWT","sdl","16","2009-04-07",90,NA,NA,NA,NA,90,1,2009,4,"2009",189
"NWT","sdl","30","2009-04-07",0,NA,NA,NA,NA,0,1,2009,4,"2009",189
"NWT","sdl","33","2009-04-07",225,NA,NA,NA,NA,225,1,2009,4,"2009",189
"NWT","sdl","41","2009-04-07",110,NA,NA,NA,NA,110,1,2009,4,"2009",189
"NWT","sdl","47","2009-04-07",40,NA,NA,NA,NA,40,1,2009,4,"2009",189
"NWT","sdl","73","2009-04-07",140,NA,NA,NA,NA,140,1,2009,4,"2009",189
"NWT","sdl","77","2009-04-07",120,NA,NA,NA,NA,120,1,2009,4,"2009",189
"NWT","sdl","701","2009-04-07",0,NA,NA,NA,NA,0,1,2009,4,"2009",189
"NWT","sdl","16","2009-04-13",80,NA,NA,NA,NA,80,1,2009,4,"2009",195
"NWT","sdl","30","2009-04-13",0,NA,NA,NA,NA,0,1,2009,4,"2009",195
"NWT","sdl","33","2009-04-13",250,NA,NA,NA,NA,250,1,2009,4,"2009",195
"NWT","sdl","41","2009-04-13",70,NA,NA,NA,NA,70,1,2009,4,"2009",195
"NWT","sdl","47","2009-04-13",50,NA,NA,NA,NA,50,1,2009,4,"2009",195
"NWT","sdl","73","2009-04-13",180,NA,NA,NA,NA,180,1,2009,4,"2009",195
"NWT","sdl","77","2009-04-13",100,NA,NA,NA,NA,100,1,2009,4,"2009",195
"NWT","sdl","701","2009-04-13",0,NA,NA,NA,NA,0,1,2009,4,"2009",195
"NWT","sdl","16","2009-04-21",140,NA,NA,NA,NA,140,1,2009,4,"2009",203
"NWT","sdl","30","2009-04-21",0,NA,NA,NA,NA,0,1,2009,4,"2009",203
"NWT","sdl","33","2009-04-21",280,NA,NA,NA,NA,280,1,2009,4,"2009",203
"NWT","sdl","41","2009-04-21",180,NA,NA,NA,NA,180,1,2009,4,"2009",203
"NWT","sdl","47","2009-04-21",85,NA,NA,NA,NA,85,1,2009,4,"2009",203
"NWT","sdl","73","2009-04-21",120,NA,NA,NA,NA,120,1,2009,4,"2009",203
"NWT","sdl","77","2009-04-21",150,NA,NA,NA,NA,150,1,2009,4,"2009",203
"NWT","sdl","701","2009-04-21",10,NA,NA,NA,NA,10,1,2009,4,"2009",203
"NWT","sdl","16","2009-04-28",110,NA,NA,NA,NA,110,1,2009,4,"2009",210
"NWT","sdl","30","2009-04-28",0,NA,NA,NA,NA,0,1,2009,4,"2009",210
"NWT","sdl","33","2009-04-28",200,NA,NA,NA,NA,200,1,2009,4,"2009",210
"NWT","sdl","41","2009-04-28",200,NA,NA,NA,NA,200,1,2009,4,"2009",210
"NWT","sdl","47","2009-04-28",80,NA,NA,NA,NA,80,1,2009,4,"2009",210
"NWT","sdl","73","2009-04-28",110,NA,NA,NA,NA,110,1,2009,4,"2009",210
"NWT","sdl","77","2009-04-28",170,NA,NA,NA,NA,170,1,2009,4,"2009",210
"NWT","sdl","701","2009-04-28",10,NA,NA,NA,NA,10,1,2009,4,"2009",210
"NWT","sdl","16","2009-05-14",120,NA,NA,NA,NA,120,1,2009,5,"2009",226
"NWT","sdl","30","2009-05-14",0,NA,NA,NA,NA,0,1,2009,5,"2009",226
"NWT","sdl","33","2009-05-14",230,NA,NA,NA,NA,230,1,2009,5,"2009",226
"NWT","sdl","41","2009-05-14",170,NA,NA,NA,NA,170,1,2009,5,"2009",226
"NWT","sdl","47","2009-05-14",80,NA,NA,NA,NA,80,1,2009,5,"2009",226
"NWT","sdl","73","2009-05-14",110,NA,NA,NA,NA,110,1,2009,5,"2009",226
"NWT","sdl","77","2009-05-14",130,NA,NA,NA,NA,130,1,2009,5,"2009",226
"NWT","sdl","701","2009-05-14",0,NA,NA,NA,NA,0,1,2009,5,"2009",226
"NWT","sdl","16","2009-05-19",100,NA,NA,NA,NA,100,1,2009,5,"2009",231
"NWT","sdl","30","2009-05-19",0,NA,NA,NA,NA,0,1,2009,5,"2009",231
"NWT","sdl","33","2009-05-19",195,NA,NA,NA,NA,195,1,2009,5,"2009",231
"NWT","sdl","41","2009-05-19",120,NA,NA,NA,NA,120,1,2009,5,"2009",231
"NWT","sdl","47","2009-05-19",40,NA,NA,NA,NA,40,1,2009,5,"2009",231
"NWT","sdl","73","2009-05-19",110,NA,NA,NA,NA,110,1,2009,5,"2009",231
"NWT","sdl","77","2009-05-19",130,NA,NA,NA,NA,130,1,2009,5,"2009",231
"NWT","sdl","701","2009-05-19",0,NA,NA,NA,NA,0,1,2009,5,"2009",231
"NWT","sdl","16","2009-05-27",90,NA,NA,NA,NA,90,1,2009,5,"2009",239
"NWT","sdl","30","2009-05-27",10,NA,NA,NA,NA,10,1,2009,5,"2009",239
"NWT","sdl","33","2009-05-27",185,NA,NA,NA,NA,185,1,2009,5,"2009",239
"NWT","sdl","41","2009-05-27",135,NA,NA,NA,NA,135,1,2009,5,"2009",239
"NWT","sdl","47","2009-05-27",25,NA,NA,NA,NA,25,1,2009,5,"2009",239
"NWT","sdl","73","2009-05-27",150,NA,NA,NA,NA,150,1,2009,5,"2009",239
"NWT","sdl","77","2009-05-27",110,NA,NA,NA,NA,110,1,2009,5,"2009",239
"NWT","sdl","701","2009-05-27",10,NA,NA,NA,NA,10,1,2009,5,"2009",239
"NWT","sdl","16","2009-06-04",60,NA,NA,NA,NA,60,1,2009,6,"2009",247
"NWT","sdl","30","2009-06-04",0,NA,NA,NA,NA,0,1,2009,6,"2009",247
"NWT","sdl","33","2009-06-04",155,NA,NA,NA,NA,155,1,2009,6,"2009",247
"NWT","sdl","41","2009-06-04",70,NA,NA,NA,NA,70,1,2009,6,"2009",247
"NWT","sdl","47","2009-06-04",0,NA,NA,NA,NA,0,1,2009,6,"2009",247
"NWT","sdl","73","2009-06-04",110,NA,NA,NA,NA,110,1,2009,6,"2009",247
"NWT","sdl","77","2009-06-04",80,NA,NA,NA,NA,80,1,2009,6,"2009",247
"NWT","sdl","701","2009-06-04",0,NA,NA,NA,NA,0,1,2009,6,"2009",247
"NWT","sdl","16","2009-06-09",50,NA,NA,NA,NA,50,1,2009,6,"2009",252
"NWT","sdl","30","2009-06-09",0,NA,NA,NA,NA,0,1,2009,6,"2009",252
"NWT","sdl","33","2009-06-09",130,NA,NA,NA,NA,130,1,2009,6,"2009",252
"NWT","sdl","41","2009-06-09",80,NA,NA,NA,NA,80,1,2009,6,"2009",252
"NWT","sdl","47","2009-06-09",20,NA,NA,NA,NA,20,1,2009,6,"2009",252
"NWT","sdl","73","2009-06-09",110,NA,NA,NA,NA,110,1,2009,6,"2009",252
"NWT","sdl","77","2009-06-09",70,NA,NA,NA,NA,70,1,2009,6,"2009",252
"NWT","sdl","701","2009-06-09",0,NA,NA,NA,NA,0,1,2009,6,"2009",252
"NWT","sdl","16","2009-06-16",30,NA,NA,NA,NA,30,1,2009,6,"2009",259
"NWT","sdl","30","2009-06-16",0,NA,NA,NA,NA,0,1,2009,6,"2009",259
"NWT","sdl","33","2009-06-16",105,NA,NA,NA,NA,105,1,2009,6,"2009",259
"NWT","sdl","41","2009-06-16",50,NA,NA,NA,NA,50,1,2009,6,"2009",259
"NWT","sdl","47","2009-06-16",20,NA,NA,NA,NA,20,1,2009,6,"2009",259
"NWT","sdl","73","2009-06-16",90,NA,NA,NA,NA,90,1,2009,6,"2009",259
"NWT","sdl","77","2009-06-16",50,NA,NA,NA,NA,50,1,2009,6,"2009",259
"NWT","sdl","701","2009-06-16",0,NA,NA,NA,NA,0,1,2009,6,"2009",259
"NWT","sdl","16","2009-06-25",0,NA,NA,NA,NA,0,1,2009,6,"2009",268
"NWT","sdl","30","2009-06-25",0,NA,NA,NA,NA,0,1,2009,6,"2009",268
"NWT","sdl","33","2009-06-25",55,NA,NA,NA,NA,55,1,2009,6,"2009",268
"NWT","sdl","41","2009-06-25",0,NA,NA,NA,NA,0,1,2009,6,"2009",268
"NWT","sdl","47","2009-06-25",0,NA,NA,NA,NA,0,1,2009,6,"2009",268
"NWT","sdl","73","2009-06-25",0,NA,NA,NA,NA,0,1,2009,6,"2009",268
"NWT","sdl","77","2009-06-25",0,NA,NA,NA,NA,0,1,2009,6,"2009",268
"NWT","sdl","701","2009-06-25",0,NA,NA,NA,NA,0,1,2009,6,"2009",268
"NWT","sdl","16","2009-06-30",0,NA,NA,NA,NA,0,1,2009,6,"2009",273
"NWT","sdl","30","2009-06-30",0,NA,NA,NA,NA,0,1,2009,6,"2009",273
"NWT","sdl","33","2009-06-30",0,NA,NA,NA,NA,0,1,2009,6,"2009",273
"NWT","sdl","41","2009-06-30",0,NA,NA,NA,NA,0,1,2009,6,"2009",273
"NWT","sdl","47","2009-06-30",0,NA,NA,NA,NA,0,1,2009,6,"2009",273
"NWT","sdl","73","2009-06-30",0,NA,NA,NA,NA,0,1,2009,6,"2009",273
"NWT","sdl","77","2009-06-30",0,NA,NA,NA,NA,0,1,2009,6,"2009",273
"NWT","sdl","701","2009-06-30",0,NA,NA,NA,NA,0,1,2009,6,"2009",273
"NWT","sdl","16","2009-07-14",0,NA,NA,NA,NA,0,1,2009,7,"2009",287
"NWT","sdl","30","2009-07-14",0,NA,NA,NA,NA,0,1,2009,7,"2009",287
"NWT","sdl","33","2009-07-14",0,NA,NA,NA,NA,0,1,2009,7,"2009",287
"NWT","sdl","41","2009-07-14",0,NA,NA,NA,NA,0,1,2009,7,"2009",287
"NWT","sdl","47","2009-07-14",0,NA,NA,NA,NA,0,1,2009,7,"2009",287
"NWT","sdl","73","2009-07-14",0,NA,NA,NA,NA,0,1,2009,7,"2009",287
"NWT","sdl","77","2009-07-14",0,NA,NA,NA,NA,0,1,2009,7,"2009",287
"NWT","sdl","701","2009-07-14",0,NA,NA,NA,NA,0,1,2009,7,"2009",287
"NWT","sdl","16","2009-07-21",0,NA,NA,NA,NA,0,1,2009,7,"2009",294
"NWT","sdl","30","2009-07-21",0,NA,NA,NA,NA,0,1,2009,7,"2009",294
"NWT","sdl","33","2009-07-21",0,NA,NA,NA,NA,0,1,2009,7,"2009",294
"NWT","sdl","41","2009-07-21",0,NA,NA,NA,NA,0,1,2009,7,"2009",294
"NWT","sdl","47","2009-07-21",0,NA,NA,NA,NA,0,1,2009,7,"2009",294
"NWT","sdl","73","2009-07-21",0,NA,NA,NA,NA,0,1,2009,7,"2009",294
"NWT","sdl","77","2009-07-21",0,NA,NA,NA,NA,0,1,2009,7,"2009",294
"NWT","sdl","701","2009-07-21",0,NA,NA,NA,NA,0,1,2009,7,"2009",294
"NWT","sdl","16","2009-07-28",0,NA,NA,NA,NA,0,1,2009,7,"2009",301
"NWT","sdl","30","2009-07-28",0,NA,NA,NA,NA,0,1,2009,7,"2009",301
"NWT","sdl","33","2009-07-28",0,NA,NA,NA,NA,0,1,2009,7,"2009",301
"NWT","sdl","41","2009-07-28",0,NA,NA,NA,NA,0,1,2009,7,"2009",301
"NWT","sdl","47","2009-07-28",0,NA,NA,NA,NA,0,1,2009,7,"2009",301
"NWT","sdl","73","2009-07-28",0,NA,NA,NA,NA,0,1,2009,7,"2009",301
"NWT","sdl","77","2009-07-28",0,NA,NA,NA,NA,0,1,2009,7,"2009",301
"NWT","sdl","701","2009-07-28",0,NA,NA,NA,NA,0,1,2009,7,"2009",301
"NWT","sdl","16","2011-12-13",10,NA,NA,NA,NA,10,1,2011,12,"2012",73
"NWT","sdl","30","2011-12-13",0,NA,NA,NA,NA,0,1,2011,12,"2012",73
"NWT","sdl","33","2011-12-13",20,NA,NA,NA,NA,20,1,2011,12,"2012",73
"NWT","sdl","41","2011-12-13",40,NA,NA,NA,NA,40,1,2011,12,"2012",73
"NWT","sdl","47","2011-12-13",40,NA,NA,NA,NA,40,1,2011,12,"2012",73
"NWT","sdl","73","2011-12-13",80,NA,NA,NA,NA,80,1,2011,12,"2012",73
"NWT","sdl","77","2011-12-13",30,NA,NA,NA,NA,30,1,2011,12,"2012",73
"NWT","sdl","701","2011-12-13",0,NA,NA,NA,NA,0,1,2011,12,"2012",73
"NWT","sdl","16","2012-01-03",0,NA,NA,NA,NA,0,1,2012,1,"2012",93
"NWT","sdl","30","2012-01-03",0,NA,NA,NA,NA,0,1,2012,1,"2012",93
"NWT","sdl","33","2012-01-03",0,NA,NA,NA,NA,0,1,2012,1,"2012",93
"NWT","sdl","41","2012-01-03",0,NA,NA,NA,NA,0,1,2012,1,"2012",93
"NWT","sdl","47","2012-01-03",30,NA,NA,NA,NA,30,1,2012,1,"2012",93
"NWT","sdl","73","2012-01-03",70,NA,NA,NA,NA,70,1,2012,1,"2012",93
"NWT","sdl","77","2012-01-03",0,NA,NA,NA,NA,0,1,2012,1,"2012",93
"NWT","sdl","701","2012-01-03",0,NA,NA,NA,NA,0,1,2012,1,"2012",93
"NWT","sdl","16","2012-02-07",30,NA,NA,NA,NA,30,1,2012,2,"2012",128
"NWT","sdl","30","2012-02-07",50,NA,NA,NA,NA,50,1,2012,2,"2012",128
"NWT","sdl","33","2012-02-07",70,NA,NA,NA,NA,70,1,2012,2,"2012",128
"NWT","sdl","41","2012-02-07",80,NA,NA,NA,NA,80,1,2012,2,"2012",128
"NWT","sdl","47","2012-02-07",40,NA,NA,NA,NA,40,1,2012,2,"2012",128
"NWT","sdl","73","2012-02-07",110,NA,NA,NA,NA,110,1,2012,2,"2012",128
"NWT","sdl","77","2012-02-07",60,NA,NA,NA,NA,60,1,2012,2,"2012",128
"NWT","sdl","701","2012-02-07",30,NA,NA,NA,NA,30,1,2012,2,"2012",128
"NWT","sdl","16","2012-03-06",80,NA,NA,NA,NA,80,1,2012,3,"2012",156
"NWT","sdl","30","2012-03-06",0,NA,NA,NA,NA,0,1,2012,3,"2012",156
"NWT","sdl","33","2012-03-06",100,NA,NA,NA,NA,100,1,2012,3,"2012",156
"NWT","sdl","41","2012-03-06",65,NA,NA,NA,NA,65,1,2012,3,"2012",156
"NWT","sdl","47","2012-03-06",40,NA,NA,NA,NA,40,1,2012,3,"2012",156
"NWT","sdl","73","2012-03-06",100,NA,NA,NA,NA,100,1,2012,3,"2012",156
"NWT","sdl","77","2012-03-06",0,NA,NA,NA,NA,0,1,2012,3,"2012",156
"NWT","sdl","701","2012-03-06",0,NA,NA,NA,NA,0,1,2012,3,"2012",156
"NWT","sdl","16","2012-03-13",20,NA,NA,NA,NA,20,1,2012,3,"2012",163
"NWT","sdl","30","2012-03-13",0,NA,NA,NA,NA,0,1,2012,3,"2012",163
"NWT","sdl","33","2012-03-13",100,NA,NA,NA,NA,100,1,2012,3,"2012",163
"NWT","sdl","41","2012-03-13",70,NA,NA,NA,NA,70,1,2012,3,"2012",163
"NWT","sdl","47","2012-03-13",40,NA,NA,NA,NA,40,1,2012,3,"2012",163
"NWT","sdl","73","2012-03-13",80,NA,NA,NA,NA,80,1,2012,3,"2012",163
"NWT","sdl","77","2012-03-13",40,NA,NA,NA,NA,40,1,2012,3,"2012",163
"NWT","sdl","701","2012-03-13",0,NA,NA,NA,NA,0,1,2012,3,"2012",163
"NWT","sdl","16","2012-03-27",30,NA,NA,NA,NA,30,1,2012,3,"2012",177
"NWT","sdl","30","2012-03-27",0,NA,NA,NA,NA,0,1,2012,3,"2012",177
"NWT","sdl","33","2012-03-27",95,NA,NA,NA,NA,95,1,2012,3,"2012",177
"NWT","sdl","41","2012-03-27",45,NA,NA,NA,NA,45,1,2012,3,"2012",177
"NWT","sdl","47","2012-03-27",0,NA,NA,NA,NA,0,1,2012,3,"2012",177
"NWT","sdl","73","2012-03-27",95,NA,NA,NA,NA,95,1,2012,3,"2012",177
"NWT","sdl","77","2012-03-27",50,NA,NA,NA,NA,50,1,2012,3,"2012",177
"NWT","sdl","701","2012-03-27",0,NA,NA,NA,NA,0,1,2012,3,"2012",177
"NWT","sdl","16","2012-04-10",40,NA,NA,NA,NA,40,1,2012,4,"2012",191
"NWT","sdl","30","2012-04-10",0,NA,NA,NA,NA,0,1,2012,4,"2012",191
"NWT","sdl","33","2012-04-10",80,NA,NA,NA,NA,80,1,2012,4,"2012",191
"NWT","sdl","41","2012-04-10",5,NA,NA,NA,NA,5,1,2012,4,"2012",191
"NWT","sdl","47","2012-04-10",10,NA,NA,NA,NA,10,1,2012,4,"2012",191
"NWT","sdl","73","2012-04-10",0,NA,NA,NA,NA,0,1,2012,4,"2012",191
"NWT","sdl","77","2012-04-10",45,NA,NA,NA,NA,45,1,2012,4,"2012",191
"NWT","sdl","701","2012-04-10",0,NA,NA,NA,NA,0,1,2012,4,"2012",191
"NWT","sdl","16","2012-04-27",20,NA,NA,NA,NA,20,1,2012,4,"2012",208
"NWT","sdl","30","2012-04-27",0,NA,NA,NA,NA,0,1,2012,4,"2012",208
"NWT","sdl","33","2012-04-27",60,NA,NA,NA,NA,60,1,2012,4,"2012",208
"NWT","sdl","41","2012-04-27",40,NA,NA,NA,NA,40,1,2012,4,"2012",208
"NWT","sdl","47","2012-04-27",60,NA,NA,NA,NA,60,1,2012,4,"2012",208
"NWT","sdl","73","2012-04-27",90,NA,NA,NA,NA,90,1,2012,4,"2012",208
"NWT","sdl","77","2012-04-27",40,NA,NA,NA,NA,40,1,2012,4,"2012",208
"NWT","sdl","701","2012-04-27",0,NA,NA,NA,NA,0,1,2012,4,"2012",208
"NWT","sdl","16","2012-05-15",40,NA,NA,NA,NA,40,1,2012,5,"2012",226
"NWT","sdl","30","2012-05-15",10,NA,NA,NA,NA,10,1,2012,5,"2012",226
"NWT","sdl","33","2012-05-15",50,NA,NA,NA,NA,50,1,2012,5,"2012",226
"NWT","sdl","41","2012-05-15",0,NA,NA,NA,NA,0,1,2012,5,"2012",226
"NWT","sdl","47","2012-05-15",20,NA,NA,NA,NA,20,1,2012,5,"2012",226
"NWT","sdl","73","2012-05-15",95,NA,NA,NA,NA,95,1,2012,5,"2012",226
"NWT","sdl","77","2012-05-15",5,NA,NA,NA,NA,5,1,2012,5,"2012",226
"NWT","sdl","701","2012-05-15",0,NA,NA,NA,NA,0,1,2012,5,"2012",226
"NWT","sdl","16","2012-05-29",0,NA,NA,NA,NA,0,1,2012,5,"2012",240
"NWT","sdl","30","2012-05-29",0,NA,NA,NA,NA,0,1,2012,5,"2012",240
"NWT","sdl","33","2012-05-29",20,NA,NA,NA,NA,20,1,2012,5,"2012",240
"NWT","sdl","41","2012-05-29",0,NA,NA,NA,NA,0,1,2012,5,"2012",240
"NWT","sdl","47","2012-05-29",0,NA,NA,NA,NA,0,1,2012,5,"2012",240
"NWT","sdl","73","2012-05-29",0,NA,NA,NA,NA,0,1,2012,5,"2012",240
"NWT","sdl","77","2012-05-29",0,NA,NA,NA,NA,0,1,2012,5,"2012",240
"NWT","sdl","701","2012-05-29",0,NA,NA,NA,NA,0,1,2012,5,"2012",240
"NWT","sdl","16","2012-06-05",0,NA,NA,NA,NA,0,1,2012,6,"2012",247
"NWT","sdl","30","2012-06-05",0,NA,NA,NA,NA,0,1,2012,6,"2012",247
"NWT","sdl","33","2012-06-05",0,NA,NA,NA,NA,0,1,2012,6,"2012",247
"NWT","sdl","41","2012-06-05",0,NA,NA,NA,NA,0,1,2012,6,"2012",247
"NWT","sdl","47","2012-06-05",0,NA,NA,NA,NA,0,1,2012,6,"2012",247
"NWT","sdl","73","2012-06-05",0,NA,NA,NA,NA,0,1,2012,6,"2012",247
"NWT","sdl","77","2012-06-05",0,NA,NA,NA,NA,0,1,2012,6,"2012",247
"NWT","sdl","701","2012-06-05",0,NA,NA,NA,NA,0,1,2012,6,"2012",247
"NWT","sdl","16","2012-11-06",20,NA,NA,NA,NA,20,1,2012,11,"2013",36
"NWT","sdl","30","2012-11-06",0,NA,NA,NA,NA,0,1,2012,11,"2013",36
"NWT","sdl","33","2012-11-06",0,NA,NA,NA,NA,0,1,2012,11,"2013",36
"NWT","sdl","41","2012-11-06",0,NA,NA,NA,NA,0,1,2012,11,"2013",36
"NWT","sdl","47","2012-11-06",30,NA,NA,NA,NA,30,1,2012,11,"2013",36
"NWT","sdl","73","2012-11-06",0,NA,NA,NA,NA,0,1,2012,11,"2013",36
"NWT","sdl","77","2012-11-06",0,NA,NA,NA,NA,0,1,2012,11,"2013",36
"NWT","sdl","701","2012-11-06",0,NA,NA,NA,NA,0,1,2012,11,"2013",36
"NWT","sdl","16","2013-01-04",40,NA,NA,NA,NA,40,1,2013,1,"2013",96
"NWT","sdl","30","2013-01-04",0,NA,NA,NA,NA,0,1,2013,1,"2013",96
"NWT","sdl","33","2013-01-04",110,NA,NA,NA,NA,110,1,2013,1,"2013",96
"NWT","sdl","41","2013-01-04",70,NA,NA,NA,NA,70,1,2013,1,"2013",96
"NWT","sdl","47","2013-01-04",120,NA,NA,NA,NA,120,1,2013,1,"2013",96
"NWT","sdl","73","2013-01-04",100,NA,NA,NA,NA,100,1,2013,1,"2013",96
"NWT","sdl","77","2013-01-04",110,NA,NA,NA,NA,110,1,2013,1,"2013",96
"NWT","sdl","701","2013-01-04",10,NA,NA,NA,NA,10,1,2013,1,"2013",96
"NWT","sdl","16","2013-01-16",20,NA,NA,NA,NA,20,1,2013,1,"2013",108
"NWT","sdl","30","2013-01-16",0,NA,NA,NA,NA,0,1,2013,1,"2013",108
"NWT","sdl","33","2013-01-16",85,NA,NA,NA,NA,85,1,2013,1,"2013",108
"NWT","sdl","41","2013-01-16",50,NA,NA,NA,NA,50,1,2013,1,"2013",108
"NWT","sdl","47","2013-01-16",40,NA,NA,NA,NA,40,1,2013,1,"2013",108
"NWT","sdl","73","2013-01-16",90,NA,NA,NA,NA,90,1,2013,1,"2013",108
"NWT","sdl","77","2013-01-16",30,NA,NA,NA,NA,30,1,2013,1,"2013",108
"NWT","sdl","701","2013-01-16",0,NA,NA,NA,NA,0,1,2013,1,"2013",108
"NWT","sdl","16","2013-01-29",0,NA,NA,NA,NA,0,1,2013,1,"2013",121
"NWT","sdl","30","2013-01-29",0,NA,NA,NA,NA,0,1,2013,1,"2013",121
"NWT","sdl","33","2013-01-29",20,NA,NA,NA,NA,20,1,2013,1,"2013",121
"NWT","sdl","41","2013-01-29",10,NA,NA,NA,NA,10,1,2013,1,"2013",121
"NWT","sdl","47","2013-01-29",50,NA,NA,NA,NA,50,1,2013,1,"2013",121
"NWT","sdl","73","2013-01-29",30,NA,NA,NA,NA,30,1,2013,1,"2013",121
"NWT","sdl","77","2013-01-29",30,NA,NA,NA,NA,30,1,2013,1,"2013",121
"NWT","sdl","701","2013-01-29",0,NA,NA,NA,NA,0,1,2013,1,"2013",121
"NWT","sdl","16","2013-02-05",0,NA,NA,NA,NA,0,1,2013,2,"2013",128
"NWT","sdl","30","2013-02-05",0,NA,NA,NA,NA,0,1,2013,2,"2013",128
"NWT","sdl","33","2013-02-05",90,NA,NA,NA,NA,90,1,2013,2,"2013",128
"NWT","sdl","41","2013-02-05",40,NA,NA,NA,NA,40,1,2013,2,"2013",128
"NWT","sdl","47","2013-02-05",5,NA,NA,NA,NA,5,1,2013,2,"2013",128
"NWT","sdl","73","2013-02-05",90,NA,NA,NA,NA,90,1,2013,2,"2013",128
"NWT","sdl","77","2013-02-05",0,NA,NA,NA,NA,0,1,2013,2,"2013",128
"NWT","sdl","701","2013-02-05",0,NA,NA,NA,NA,0,1,2013,2,"2013",128
"NWT","sdl","16","2013-02-19",15,NA,NA,NA,NA,15,1,2013,2,"2013",142
"NWT","sdl","30","2013-02-19",0,NA,NA,NA,NA,0,1,2013,2,"2013",142
"NWT","sdl","33","2013-02-19",70,NA,NA,NA,NA,70,1,2013,2,"2013",142
"NWT","sdl","41","2013-02-19",50,NA,NA,NA,NA,50,1,2013,2,"2013",142
"NWT","sdl","47","2013-02-19",40,NA,NA,NA,NA,40,1,2013,2,"2013",142
"NWT","sdl","73","2013-02-19",40,NA,NA,NA,NA,40,1,2013,2,"2013",142
"NWT","sdl","77","2013-02-19",0,NA,NA,NA,NA,0,1,2013,2,"2013",142
"NWT","sdl","701","2013-02-19",0,NA,NA,NA,NA,0,1,2013,2,"2013",142
"NWT","sdl","16","2013-03-15",30,NA,NA,NA,NA,30,1,2013,3,"2013",166
"NWT","sdl","30","2013-03-15",0,NA,NA,NA,NA,0,1,2013,3,"2013",166
"NWT","sdl","33","2013-03-15",140,NA,NA,NA,NA,140,1,2013,3,"2013",166
"NWT","sdl","41","2013-03-15",10,NA,NA,NA,NA,10,1,2013,3,"2013",166
"NWT","sdl","47","2013-03-15",50,NA,NA,NA,NA,50,1,2013,3,"2013",166
"NWT","sdl","73","2013-03-15",100,NA,NA,NA,NA,100,1,2013,3,"2013",166
"NWT","sdl","77","2013-03-15",10,NA,NA,NA,NA,10,1,2013,3,"2013",166
"NWT","sdl","701","2013-03-15",0,NA,NA,NA,NA,0,1,2013,3,"2013",166
"NWT","sdl","16","2013-04-26",130,NA,NA,NA,NA,130,1,2013,4,"2013",208
"NWT","sdl","30","2013-04-26",0,NA,NA,NA,NA,0,1,2013,4,"2013",208
"NWT","sdl","33","2013-04-26",280,NA,NA,NA,NA,280,1,2013,4,"2013",208
"NWT","sdl","41","2013-04-26",230,NA,NA,NA,NA,230,1,2013,4,"2013",208
"NWT","sdl","47","2013-04-26",90,NA,NA,NA,NA,90,1,2013,4,"2013",208
"NWT","sdl","73","2013-04-26",290,NA,NA,NA,NA,290,1,2013,4,"2013",208
"NWT","sdl","77","2013-04-26",100,NA,NA,NA,NA,100,1,2013,4,"2013",208
"NWT","sdl","701","2013-04-26",30,NA,NA,NA,NA,30,1,2013,4,"2013",208
"NWT","sdl","16","2013-05-14",130,NA,NA,NA,NA,130,1,2013,5,"2013",226
"NWT","sdl","30","2013-05-14",30,NA,NA,NA,NA,30,1,2013,5,"2013",226
"NWT","sdl","33","2013-05-14",280,NA,NA,NA,NA,280,1,2013,5,"2013",226
"NWT","sdl","41","2013-05-14",200,NA,NA,NA,NA,200,1,2013,5,"2013",226
"NWT","sdl","47","2013-05-14",90,NA,NA,NA,NA,90,1,2013,5,"2013",226
"NWT","sdl","73","2013-05-14",245,NA,NA,NA,NA,245,1,2013,5,"2013",226
"NWT","sdl","77","2013-05-14",130,NA,NA,NA,NA,130,1,2013,5,"2013",226
"NWT","sdl","701","2013-05-14",20,NA,NA,NA,NA,20,1,2013,5,"2013",226
"NWT","sdl","16","2013-06-03",45,NA,NA,NA,NA,45,1,2013,6,"2013",246
"NWT","sdl","30","2013-06-03",0,NA,NA,NA,NA,0,1,2013,6,"2013",246
"NWT","sdl","33","2013-06-03",190,NA,NA,NA,NA,190,1,2013,6,"2013",246
"NWT","sdl","41","2013-06-03",175,NA,NA,NA,NA,175,1,2013,6,"2013",246
"NWT","sdl","47","2013-06-03",40,NA,NA,NA,NA,40,1,2013,6,"2013",246
"NWT","sdl","73","2013-06-03",230,NA,NA,NA,NA,230,1,2013,6,"2013",246
"NWT","sdl","77","2013-06-03",60,NA,NA,NA,NA,60,1,2013,6,"2013",246
"NWT","sdl","701","2013-06-03",0,NA,NA,NA,NA,0,1,2013,6,"2013",246
"NWT","sdl","16","2013-06-17",0,NA,NA,NA,NA,0,1,2013,6,"2013",260
"NWT","sdl","30","2013-06-17",0,NA,NA,NA,NA,0,1,2013,6,"2013",260
"NWT","sdl","33","2013-06-17",80,NA,NA,NA,NA,80,1,2013,6,"2013",260
"NWT","sdl","41","2013-06-17",30,NA,NA,NA,NA,30,1,2013,6,"2013",260
"NWT","sdl","47","2013-06-17",0,NA,NA,NA,NA,0,1,2013,6,"2013",260
"NWT","sdl","73","2013-06-17",80,NA,NA,NA,NA,80,1,2013,6,"2013",260
"NWT","sdl","77","2013-06-17",0,NA,NA,NA,NA,0,1,2013,6,"2013",260
"NWT","sdl","701","2013-06-17",0,NA,NA,NA,NA,0,1,2013,6,"2013",260
"NWT","sdl","16","2014-10-16",20,NA,NA,NA,NA,20,1,2014,10,"2015",15
"NWT","sdl","30","2014-10-16",0,NA,NA,NA,NA,0,1,2014,10,"2015",15
"NWT","sdl","33","2014-10-16",0,NA,NA,NA,NA,0,1,2014,10,"2015",15
"NWT","sdl","41","2014-10-16",0,NA,NA,NA,NA,0,1,2014,10,"2015",15
"NWT","sdl","47","2014-10-16",50,NA,NA,NA,NA,50,1,2014,10,"2015",15
"NWT","sdl","73","2014-10-16",0,NA,NA,NA,NA,0,1,2014,10,"2015",15
"NWT","sdl","77","2014-10-16",0,NA,NA,NA,NA,0,1,2014,10,"2015",15
"NWT","sdl","701","2014-10-16",0,NA,NA,NA,NA,0,1,2014,10,"2015",15
"NWT","sdl","16","2014-10-29",10,NA,NA,NA,NA,10,1,2014,10,"2015",28
"NWT","sdl","30","2014-10-29",0,NA,NA,NA,NA,0,1,2014,10,"2015",28
"NWT","sdl","33","2014-10-29",10,NA,NA,NA,NA,10,1,2014,10,"2015",28
"NWT","sdl","41","2014-10-29",10,NA,NA,NA,NA,10,1,2014,10,"2015",28
"NWT","sdl","47","2014-10-29",50,NA,NA,NA,NA,50,1,2014,10,"2015",28
"NWT","sdl","73","2014-10-29",20,NA,NA,NA,NA,20,1,2014,10,"2015",28
"NWT","sdl","77","2014-10-29",30,NA,NA,NA,NA,30,1,2014,10,"2015",28
"NWT","sdl","701","2014-10-29",0,NA,NA,NA,NA,0,1,2014,10,"2015",28
"NWT","sdl","16","2014-11-13",30,NA,NA,NA,NA,30,1,2014,11,"2015",43
"NWT","sdl","30","2014-11-13",0,NA,NA,NA,NA,0,1,2014,11,"2015",43
"NWT","sdl","33","2014-11-13",30,NA,NA,NA,NA,30,1,2014,11,"2015",43
"NWT","sdl","41","2014-11-13",10,NA,NA,NA,NA,10,1,2014,11,"2015",43
"NWT","sdl","47","2014-11-13",50,NA,NA,NA,NA,50,1,2014,11,"2015",43
"NWT","sdl","73","2014-11-13",20,NA,NA,NA,NA,20,1,2014,11,"2015",43
"NWT","sdl","77","2014-11-13",30,NA,NA,NA,NA,30,1,2014,11,"2015",43
"NWT","sdl","701","2014-11-13",0,NA,NA,NA,NA,0,1,2014,11,"2015",43
"NWT","sdl","16","2014-12-02",30,NA,NA,NA,NA,30,1,2014,12,"2015",62
"NWT","sdl","30","2014-12-02",0,NA,NA,NA,NA,0,1,2014,12,"2015",62
"NWT","sdl","33","2014-12-02",60,NA,NA,NA,NA,60,1,2014,12,"2015",62
"NWT","sdl","41","2014-12-02",20,NA,NA,NA,NA,20,1,2014,12,"2015",62
"NWT","sdl","47","2014-12-02",40,NA,NA,NA,NA,40,1,2014,12,"2015",62
"NWT","sdl","73","2014-12-02",20,NA,NA,NA,NA,20,1,2014,12,"2015",62
"NWT","sdl","77","2014-12-02",30,NA,NA,NA,NA,30,1,2014,12,"2015",62
"NWT","sdl","701","2014-12-02",0,NA,NA,NA,NA,0,1,2014,12,"2015",62
"NWT","sdl","16","2014-12-18",30,NA,NA,NA,NA,30,1,2014,12,"2015",78
"NWT","sdl","30","2014-12-18",0,NA,NA,NA,NA,0,1,2014,12,"2015",78
"NWT","sdl","33","2014-12-18",40,NA,NA,NA,NA,40,1,2014,12,"2015",78
"NWT","sdl","41","2014-12-18",40,NA,NA,NA,NA,40,1,2014,12,"2015",78
"NWT","sdl","47","2014-12-18",60,NA,NA,NA,NA,60,1,2014,12,"2015",78
"NWT","sdl","73","2014-12-18",50,NA,NA,NA,NA,50,1,2014,12,"2015",78
"NWT","sdl","77","2014-12-18",35,NA,NA,NA,NA,35,1,2014,12,"2015",78
"NWT","sdl","701","2014-12-18",0,NA,NA,NA,NA,0,1,2014,12,"2015",78
"NWT","sdl","16","2014-12-29",60,NA,NA,NA,NA,60,1,2014,12,"2015",89
"NWT","sdl","30","2014-12-29",5,NA,NA,NA,NA,5,1,2014,12,"2015",89
"NWT","sdl","33","2014-12-29",110,NA,NA,NA,NA,110,1,2014,12,"2015",89
"NWT","sdl","41","2014-12-29",30,NA,NA,NA,NA,30,1,2014,12,"2015",89
"NWT","sdl","47","2014-12-29",50,NA,NA,NA,NA,50,1,2014,12,"2015",89
"NWT","sdl","73","2014-12-29",90,NA,NA,NA,NA,90,1,2014,12,"2015",89
"NWT","sdl","77","2014-12-29",30,NA,NA,NA,NA,30,1,2014,12,"2015",89
"NWT","sdl","701","2014-12-29",10,NA,NA,NA,NA,10,1,2014,12,"2015",89
"NWT","sdl","16","2015-01-20",60,NA,NA,NA,NA,60,1,2015,1,"2015",114
"NWT","sdl","30","2015-01-20",0,NA,NA,NA,NA,0,1,2015,1,"2015",114
"NWT","sdl","33","2015-01-20",80,NA,NA,NA,NA,80,1,2015,1,"2015",114
"NWT","sdl","41","2015-01-20",30,NA,NA,NA,NA,30,1,2015,1,"2015",114
"NWT","sdl","47","2015-01-20",50,NA,NA,NA,NA,50,1,2015,1,"2015",114
"NWT","sdl","73","2015-01-20",80,NA,NA,NA,NA,80,1,2015,1,"2015",114
"NWT","sdl","77","2015-01-20",30,NA,NA,NA,NA,30,1,2015,1,"2015",114
"NWT","sdl","701","2015-01-20",0,NA,NA,NA,NA,0,1,2015,1,"2015",114
"NWT","sdl","16","2015-02-03",50,NA,NA,NA,NA,50,1,2015,2,"2015",128
"NWT","sdl","30","2015-02-03",0,NA,NA,NA,NA,0,1,2015,2,"2015",128
"NWT","sdl","33","2015-02-03",80,NA,NA,NA,NA,80,1,2015,2,"2015",128
"NWT","sdl","41","2015-02-03",5,NA,NA,NA,NA,5,1,2015,2,"2015",128
"NWT","sdl","47","2015-02-03",50,NA,NA,NA,NA,50,1,2015,2,"2015",128
"NWT","sdl","73","2015-02-03",0,NA,NA,NA,NA,0,1,2015,2,"2015",128
"NWT","sdl","77","2015-02-03",40,NA,NA,NA,NA,40,1,2015,2,"2015",128
"NWT","sdl","701","2015-02-03",0,NA,NA,NA,NA,0,1,2015,2,"2015",128
"NWT","sdl","16","2015-02-17",50,NA,NA,NA,NA,50,1,2015,2,"2015",142
"NWT","sdl","30","2015-02-17",5,NA,NA,NA,NA,5,1,2015,2,"2015",142
"NWT","sdl","33","2015-02-17",105,NA,NA,NA,NA,105,1,2015,2,"2015",142
"NWT","sdl","41","2015-02-17",50,NA,NA,NA,NA,50,1,2015,2,"2015",142
"NWT","sdl","47","2015-02-17",50,NA,NA,NA,NA,50,1,2015,2,"2015",142
"NWT","sdl","73","2015-02-17",90,NA,NA,NA,NA,90,1,2015,2,"2015",142
"NWT","sdl","77","2015-02-17",60,NA,NA,NA,NA,60,1,2015,2,"2015",142
"NWT","sdl","701","2015-02-17",20,NA,NA,NA,NA,20,1,2015,2,"2015",142
"NWT","sdl","16","2015-03-06",40,NA,NA,NA,NA,40,1,2015,3,"2015",159
"NWT","sdl","30","2015-03-06",10,NA,NA,NA,NA,10,1,2015,3,"2015",159
"NWT","sdl","33","2015-03-06",180,NA,NA,NA,NA,180,1,2015,3,"2015",159
"NWT","sdl","41","2015-03-06",200,NA,NA,NA,NA,200,1,2015,3,"2015",159
"NWT","sdl","47","2015-03-06",290,NA,NA,NA,NA,290,1,2015,3,"2015",159
"NWT","sdl","73","2015-03-06",190,NA,NA,NA,NA,190,1,2015,3,"2015",159
"NWT","sdl","77","2015-03-06",200,NA,NA,NA,NA,200,1,2015,3,"2015",159
"NWT","sdl","701","2015-03-06",20,NA,NA,NA,NA,20,1,2015,3,"2015",159
"NWT","sdl","16","2015-03-17",80,NA,NA,NA,NA,80,1,2015,3,"2015",170
"NWT","sdl","30","2015-03-17",20,NA,NA,NA,NA,20,1,2015,3,"2015",170
"NWT","sdl","33","2015-03-17",170,NA,NA,NA,NA,170,1,2015,3,"2015",170
"NWT","sdl","41","2015-03-17",130,NA,NA,NA,NA,130,1,2015,3,"2015",170
"NWT","sdl","47","2015-03-17",50,NA,NA,NA,NA,50,1,2015,3,"2015",170
"NWT","sdl","73","2015-03-17",200,NA,NA,NA,NA,200,1,2015,3,"2015",170
"NWT","sdl","77","2015-03-17",50,NA,NA,NA,NA,50,1,2015,3,"2015",170
"NWT","sdl","701","2015-03-17",0,NA,NA,NA,NA,0,1,2015,3,"2015",170
"NWT","sdl","16","2015-03-31",80,NA,NA,NA,NA,80,1,2015,3,"2015",184
"NWT","sdl","30","2015-03-31",0,NA,NA,NA,NA,0,1,2015,3,"2015",184
"NWT","sdl","33","2015-03-31",180,NA,NA,NA,NA,180,1,2015,3,"2015",184
"NWT","sdl","41","2015-03-31",150,NA,NA,NA,NA,150,1,2015,3,"2015",184
"NWT","sdl","47","2015-03-31",50,NA,NA,NA,NA,50,1,2015,3,"2015",184
"NWT","sdl","73","2015-03-31",220,NA,NA,NA,NA,220,1,2015,3,"2015",184
"NWT","sdl","77","2015-03-31",70,NA,NA,NA,NA,70,1,2015,3,"2015",184
"NWT","sdl","701","2015-03-31",0,NA,NA,NA,NA,0,1,2015,3,"2015",184
"NWT","sdl","16","2015-04-14",80,NA,NA,NA,NA,80,1,2015,4,"2015",198
"NWT","sdl","30","2015-04-14",0,NA,NA,NA,NA,0,1,2015,4,"2015",198
"NWT","sdl","33","2015-04-14",170,NA,NA,NA,NA,170,1,2015,4,"2015",198
"NWT","sdl","41","2015-04-14",140,NA,NA,NA,NA,140,1,2015,4,"2015",198
"NWT","sdl","47","2015-04-14",45,NA,NA,NA,NA,45,1,2015,4,"2015",198
"NWT","sdl","73","2015-04-14",200,NA,NA,NA,NA,200,1,2015,4,"2015",198
"NWT","sdl","77","2015-04-14",70,NA,NA,NA,NA,70,1,2015,4,"2015",198
"NWT","sdl","701","2015-04-14",0,NA,NA,NA,NA,0,1,2015,4,"2015",198
"NWT","sdl","16","2015-04-30",130,NA,NA,NA,NA,130,1,2015,4,"2015",214
"NWT","sdl","30","2015-04-30",40,NA,NA,NA,NA,40,1,2015,4,"2015",214
"NWT","sdl","33","2015-04-30",220,NA,NA,NA,NA,220,1,2015,4,"2015",214
"NWT","sdl","41","2015-04-30",230,NA,NA,NA,NA,230,1,2015,4,"2015",214
"NWT","sdl","47","2015-04-30",80,NA,NA,NA,NA,80,1,2015,4,"2015",214
"NWT","sdl","73","2015-04-30",90,NA,NA,NA,NA,90,1,2015,4,"2015",214
"NWT","sdl","77","2015-04-30",110,NA,NA,NA,NA,110,1,2015,4,"2015",214
"NWT","sdl","701","2015-04-30",30,NA,NA,NA,NA,30,1,2015,4,"2015",214
"NWT","sdl","16","2015-05-13",63,NA,NA,NA,NA,63,1,2015,5,"2015",227
"NWT","sdl","30","2015-05-13",30,NA,NA,NA,NA,30,1,2015,5,"2015",227
"NWT","sdl","33","2015-05-13",201,NA,NA,NA,NA,201,1,2015,5,"2015",227
"NWT","sdl","41","2015-05-13",149,NA,NA,NA,NA,149,1,2015,5,"2015",227
"NWT","sdl","47","2015-05-13",90,NA,NA,NA,NA,90,1,2015,5,"2015",227
"NWT","sdl","77","2015-05-13",90,NA,NA,NA,NA,90,1,2015,5,"2015",227
"NWT","sdl","701","2015-05-13",46,NA,NA,NA,NA,46,1,2015,5,"2015",227
"NWT","sdl","16","2015-05-26",155,NA,NA,NA,NA,155,1,2015,5,"2015",240
"NWT","sdl","30","2015-05-26",40,NA,NA,NA,NA,40,1,2015,5,"2015",240
"NWT","sdl","33","2015-05-26",235,NA,NA,NA,NA,235,1,2015,5,"2015",240
"NWT","sdl","41","2015-05-26",200,NA,NA,NA,NA,200,1,2015,5,"2015",240
"NWT","sdl","47","2015-05-26",120,NA,NA,NA,NA,120,1,2015,5,"2015",240
"NWT","sdl","73","2015-05-26",275,NA,NA,NA,NA,275,1,2015,5,"2015",240
"NWT","sdl","77","2015-05-26",155,NA,NA,NA,NA,155,1,2015,5,"2015",240
"NWT","sdl","701","2015-05-26",60,NA,NA,NA,NA,60,1,2015,5,"2015",240
"NWT","sdl","16","2015-06-09",100,NA,NA,NA,NA,100,1,2015,6,"2015",254
"NWT","sdl","30","2015-06-09",0,NA,NA,NA,NA,0,1,2015,6,"2015",254
"NWT","sdl","33","2015-06-09",170,NA,NA,NA,NA,170,1,2015,6,"2015",254
"NWT","sdl","41","2015-06-09",200,NA,NA,NA,NA,200,1,2015,6,"2015",254
"NWT","sdl","47","2015-06-09",200,NA,NA,NA,NA,200,1,2015,6,"2015",254
"NWT","sdl","73","2015-06-09",295,NA,NA,NA,NA,295,1,2015,6,"2015",254
"NWT","sdl","77","2015-06-09",180,NA,NA,NA,NA,180,1,2015,6,"2015",254
"NWT","sdl","701","2015-06-09",0,NA,NA,NA,NA,0,1,2015,6,"2015",254
"NWT","sdl","16","2015-06-23",0,NA,NA,NA,NA,0,1,2015,6,"2015",268
"NWT","sdl","30","2015-06-23",0,NA,NA,NA,NA,0,1,2015,6,"2015",268
"NWT","sdl","33","2015-06-23",65,NA,NA,NA,NA,65,1,2015,6,"2015",268
"NWT","sdl","41","2015-06-23",70,NA,NA,NA,NA,70,1,2015,6,"2015",268
"NWT","sdl","47","2015-06-23",0,NA,NA,NA,NA,0,1,2015,6,"2015",268
"NWT","sdl","73","2015-06-23",90,NA,NA,NA,NA,90,1,2015,6,"2015",268
"NWT","sdl","77","2015-06-23",0,NA,NA,NA,NA,0,1,2015,6,"2015",268
"NWT","sdl","701","2015-06-23",0,NA,NA,NA,NA,0,1,2015,6,"2015",268
"NWT","sdl","16","2015-07-07",0,NA,NA,NA,NA,0,1,2015,7,"2015",282
"NWT","sdl","30","2015-07-07",0,NA,NA,NA,NA,0,1,2015,7,"2015",282
"NWT","sdl","33","2015-07-07",0,NA,NA,NA,NA,0,1,2015,7,"2015",282
"NWT","sdl","41","2015-07-07",0,NA,NA,NA,NA,0,1,2015,7,"2015",282
"NWT","sdl","47","2015-07-07",0,NA,NA,NA,NA,0,1,2015,7,"2015",282
"NWT","sdl","73","2015-07-07",10,NA,NA,NA,NA,10,1,2015,7,"2015",282
"NWT","sdl","77","2015-07-07",0,NA,NA,NA,NA,0,1,2015,7,"2015",282
"NWT","sdl","701","2015-07-07",0,NA,NA,NA,NA,0,1,2015,7,"2015",282
"NWT","sdl","16","2018-10-30",30,NA,NA,NA,NA,30,1,2018,10,"2019",29
"NWT","sdl","30","2018-10-30",20,NA,NA,NA,NA,20,1,2018,10,"2019",29
"NWT","sdl","33","2018-10-30",10,NA,NA,NA,NA,10,1,2018,10,"2019",29
"NWT","sdl","41","2018-10-30",30,NA,NA,NA,NA,30,1,2018,10,"2019",29
"NWT","sdl","47","2018-10-30",55,NA,NA,NA,NA,55,1,2018,10,"2019",29
"NWT","sdl","701","2018-10-30",10,NA,NA,NA,NA,10,1,2018,10,"2019",29
"NWT","sdl","73","2018-10-30",45,NA,NA,NA,NA,45,1,2018,10,"2019",29
"NWT","sdl","77","2018-10-30",30,NA,NA,NA,NA,30,1,2018,10,"2019",29
"NWT","sdl","16","2018-11-13",50,NA,NA,NA,NA,50,1,2018,11,"2019",43
"NWT","sdl","30","2018-11-13",20,NA,NA,NA,NA,20,1,2018,11,"2019",43
"NWT","sdl","33","2018-11-13",90,NA,NA,NA,NA,90,1,2018,11,"2019",43
"NWT","sdl","41","2018-11-13",40,NA,NA,NA,NA,40,1,2018,11,"2019",43
"NWT","sdl","47","2018-11-13",55,NA,NA,NA,NA,55,1,2018,11,"2019",43
"NWT","sdl","701","2018-11-13",15,NA,NA,NA,NA,15,1,2018,11,"2019",43
"NWT","sdl","73","2018-11-13",60,NA,NA,NA,NA,60,1,2018,11,"2019",43
"NWT","sdl","77","2018-11-13",30,NA,NA,NA,NA,30,1,2018,11,"2019",43
"NWT","sdl","33","2018-11-27",135,NA,NA,NA,NA,135,1,2018,11,"2019",57
"NWT","sdl","16","2018-11-27",50,NA,NA,NA,NA,50,1,2018,11,"2019",57
"NWT","sdl","30","2018-11-27",10,NA,NA,NA,NA,10,1,2018,11,"2019",57
"NWT","sdl","41","2018-11-27",65,NA,NA,NA,NA,65,1,2018,11,"2019",57
"NWT","sdl","47","2018-11-27",50,NA,NA,NA,NA,50,1,2018,11,"2019",57
"NWT","sdl","701","2018-11-27",10,NA,NA,NA,NA,10,1,2018,11,"2019",57
"NWT","sdl","73","2018-11-27",80,NA,NA,NA,NA,80,1,2018,11,"2019",57
"NWT","sdl","77","2018-11-27",40,NA,NA,NA,NA,40,1,2018,11,"2019",57
"NWT","sdl","33","2018-12-10",140,NA,NA,NA,NA,140,1,2018,12,"2019",70
"NWT","sdl","73","2018-12-10",180,NA,NA,NA,NA,180,1,2018,12,"2019",70
"NWT","sdl","16","2018-12-10",70,NA,NA,NA,NA,70,1,2018,12,"2019",70
"NWT","sdl","30","2018-12-10",0,NA,NA,NA,NA,0,1,2018,12,"2019",70
"NWT","sdl","41","2018-12-10",60,NA,NA,NA,NA,60,1,2018,12,"2019",70
"NWT","sdl","47","2018-12-10",60,NA,NA,NA,NA,60,1,2018,12,"2019",70
"NWT","sdl","701","2018-12-10",15,NA,NA,NA,NA,15,1,2018,12,"2019",70
"NWT","sdl","77","2018-12-10",40,NA,NA,NA,NA,40,1,2018,12,"2019",70
"NWT","sdl","33","2018-12-26",100,NA,NA,NA,NA,100,1,2018,12,"2019",86
"NWT","sdl","73","2018-12-26",100,NA,NA,NA,NA,100,1,2018,12,"2019",86
"NWT","sdl","16","2018-12-26",60,NA,NA,NA,NA,60,1,2018,12,"2019",86
"NWT","sdl","30","2018-12-26",0,NA,NA,NA,NA,0,1,2018,12,"2019",86
"NWT","sdl","41","2018-12-26",80,NA,NA,NA,NA,80,1,2018,12,"2019",86
"NWT","sdl","47","2018-12-26",55,NA,NA,NA,NA,55,1,2018,12,"2019",86
"NWT","sdl","701","2018-12-26",0,NA,NA,NA,NA,0,1,2018,12,"2019",86
"NWT","sdl","77","2018-12-26",25,NA,NA,NA,NA,25,1,2018,12,"2019",86
"NWT","sdl","33","2019-01-08",260,NA,NA,NA,NA,260,1,2019,1,"2019",102
"NWT","sdl","73","2019-01-08",150,NA,NA,NA,NA,150,1,2019,1,"2019",102
"NWT","sdl","16","2019-01-08",80,NA,NA,NA,NA,80,1,2019,1,"2019",102
"NWT","sdl","30","2019-01-08",0,NA,NA,NA,NA,0,1,2019,1,"2019",102
"NWT","sdl","41","2019-01-08",40,NA,NA,NA,NA,40,1,2019,1,"2019",102
"NWT","sdl","47","2019-01-08",60,NA,NA,NA,NA,60,1,2019,1,"2019",102
"NWT","sdl","701","2019-01-08",0,NA,NA,NA,NA,0,1,2019,1,"2019",102
"NWT","sdl","77","2019-01-08",75,NA,NA,NA,NA,75,1,2019,1,"2019",102
"NWT","sdl","33","2019-01-22",165,NA,NA,NA,NA,165,1,2019,1,"2019",116
"NWT","sdl","16","2019-01-22",70,NA,NA,NA,NA,70,1,2019,1,"2019",116
"NWT","sdl","30","2019-01-22",30,NA,NA,NA,NA,30,1,2019,1,"2019",116
"NWT","sdl","41","2019-01-22",60,NA,NA,NA,NA,60,1,2019,1,"2019",116
"NWT","sdl","47","2019-01-22",60,NA,NA,NA,NA,60,1,2019,1,"2019",116
"NWT","sdl","701","2019-01-22",20,NA,NA,NA,NA,20,1,2019,1,"2019",116
"NWT","sdl","73","2019-01-22",70,NA,NA,NA,NA,70,1,2019,1,"2019",116
"NWT","sdl","77","2019-01-22",80,NA,NA,NA,NA,80,1,2019,1,"2019",116
"NWT","sdl","33","2019-02-05",150,NA,NA,NA,NA,150,1,2019,2,"2019",130
"NWT","sdl","77","2019-02-05",180,NA,NA,NA,NA,180,1,2019,2,"2019",130
"NWT","sdl","16","2019-02-05",60,NA,NA,NA,NA,60,1,2019,2,"2019",130
"NWT","sdl","30","2019-02-05",15,NA,NA,NA,NA,15,1,2019,2,"2019",130
"NWT","sdl","41","2019-02-05",60,NA,NA,NA,NA,60,1,2019,2,"2019",130
"NWT","sdl","47","2019-02-05",50,NA,NA,NA,NA,50,1,2019,2,"2019",130
"NWT","sdl","701","2019-02-05",15,NA,NA,NA,NA,15,1,2019,2,"2019",130
"NWT","sdl","73","2019-02-05",70,NA,NA,NA,NA,70,1,2019,2,"2019",130
"NWT","sdl","16","2019-02-19",110,NA,NA,NA,NA,110,1,2019,2,"2019",144
"NWT","sdl","33","2019-02-19",170,NA,NA,NA,NA,170,1,2019,2,"2019",144
"NWT","sdl","41","2019-02-19",140,NA,NA,NA,NA,140,1,2019,2,"2019",144
"NWT","sdl","73","2019-02-19",180,NA,NA,NA,NA,180,1,2019,2,"2019",144
"NWT","sdl","77","2019-02-19",140,NA,NA,NA,NA,140,1,2019,2,"2019",144
"NWT","sdl","30","2019-02-19",20,NA,NA,NA,NA,20,1,2019,2,"2019",144
"NWT","sdl","47","2019-02-19",55,NA,NA,NA,NA,55,1,2019,2,"2019",144
"NWT","sdl","701","2019-02-19",20,NA,NA,NA,NA,20,1,2019,2,"2019",144
"NWT","sdl","16","2019-03-12",160,NA,NA,NA,NA,160,1,2019,3,"2019",165
"NWT","sdl","33","2019-03-12",250,NA,NA,NA,NA,250,1,2019,3,"2019",165
"NWT","sdl","41","2019-03-12",230,NA,NA,NA,NA,230,1,2019,3,"2019",165
"NWT","sdl","73","2019-03-12",200,NA,NA,NA,NA,200,1,2019,3,"2019",165
"NWT","sdl","77","2019-03-12",140,NA,NA,NA,NA,140,1,2019,3,"2019",165
"NWT","sdl","30","2019-03-12",10,NA,NA,NA,NA,10,1,2019,3,"2019",165
"NWT","sdl","47","2019-03-12",80,NA,NA,NA,NA,80,1,2019,3,"2019",165
"NWT","sdl","701","2019-03-12",10,NA,NA,NA,NA,10,1,2019,3,"2019",165
"NWT","sdl","16","2019-03-28",150,NA,NA,NA,NA,150,1,2019,3,"2019",181
"NWT","sdl","33","2019-03-28",300,NA,NA,NA,NA,300,1,2019,3,"2019",181
"NWT","sdl","41","2019-03-28",250,NA,NA,NA,NA,250,1,2019,3,"2019",181
"NWT","sdl","73","2019-03-28",140,NA,NA,NA,NA,140,1,2019,3,"2019",181
"NWT","sdl","30","2019-03-28",0,NA,NA,NA,NA,0,1,2019,3,"2019",181
"NWT","sdl","47","2019-03-28",80,NA,NA,NA,NA,80,1,2019,3,"2019",181
"NWT","sdl","701","2019-03-28",60,NA,NA,NA,NA,60,1,2019,3,"2019",181
"NWT","sdl","16","2019-04-09",150,NA,NA,NA,NA,150,1,2019,4,"2019",193
"NWT","sdl","33","2019-04-09",300,NA,NA,NA,NA,300,1,2019,4,"2019",193
"NWT","sdl","41","2019-04-09",250,NA,NA,NA,NA,250,1,2019,4,"2019",193
"NWT","sdl","73","2019-04-09",200,NA,NA,NA,NA,200,1,2019,4,"2019",193
"NWT","sdl","77","2019-04-09",200,NA,NA,NA,NA,200,1,2019,4,"2019",193
"NWT","sdl","30","2019-04-09",0,NA,NA,NA,NA,0,1,2019,4,"2019",193
"NWT","sdl","47","2019-04-09",80,NA,NA,NA,NA,80,1,2019,4,"2019",193
"NWT","sdl","701","2019-04-09",0,NA,NA,NA,NA,0,1,2019,4,"2019",193
"NWT","sdl","16","2019-05-02",180,NA,NA,NA,NA,180,1,2019,5,"2019",216
"NWT","sdl","33","2019-05-02",260,NA,NA,NA,NA,260,1,2019,5,"2019",216
"NWT","sdl","41","2019-05-02",128,NA,NA,NA,NA,128,1,2019,5,"2019",216
"NWT","sdl","47","2019-05-02",200,NA,NA,NA,NA,200,1,2019,5,"2019",216
"NWT","sdl","73","2019-05-02",200,NA,NA,NA,NA,200,1,2019,5,"2019",216
"NWT","sdl","77","2019-05-02",230,NA,NA,NA,NA,230,1,2019,5,"2019",216
"NWT","sdl","30","2019-05-02",10,NA,NA,NA,NA,10,1,2019,5,"2019",216
"NWT","sdl","701","2019-05-02",20,NA,NA,NA,NA,20,1,2019,5,"2019",216
"NWT","sdl","16","2019-05-17",150,NA,NA,NA,NA,150,1,2019,5,"2019",231
"NWT","sdl","33","2019-05-17",255,NA,NA,NA,NA,255,1,2019,5,"2019",231
"NWT","sdl","41","2019-05-17",150,NA,NA,NA,NA,150,1,2019,5,"2019",231
"NWT","sdl","73","2019-05-17",200,NA,NA,NA,NA,200,1,2019,5,"2019",231
"NWT","sdl","77","2019-05-17",220,NA,NA,NA,NA,220,1,2019,5,"2019",231
"NWT","sdl","30","2019-05-17",0,NA,NA,NA,NA,0,1,2019,5,"2019",231
"NWT","sdl","47","2019-05-17",80,NA,NA,NA,NA,80,1,2019,5,"2019",231
"NWT","sdl","701","2019-05-17",0,NA,NA,NA,NA,0,1,2019,5,"2019",231
"NWT","sdl","16","2019-05-28",180,NA,NA,NA,NA,180,1,2019,5,"2019",242
"NWT","sdl","33","2019-05-28",271,NA,NA,NA,NA,271,1,2019,5,"2019",242
"NWT","sdl","41","2019-05-28",273,NA,NA,NA,NA,273,1,2019,5,"2019",242
"NWT","sdl","47","2019-05-28",100,NA,NA,NA,NA,100,1,2019,5,"2019",242
"NWT","sdl","73","2019-05-28",360,NA,NA,NA,NA,360,1,2019,5,"2019",242
"NWT","sdl","77","2019-05-28",230,NA,NA,NA,NA,230,1,2019,5,"2019",242
"NWT","sdl","30","2019-05-28",0,NA,NA,NA,NA,0,1,2019,5,"2019",242
"NWT","sdl","701","2019-05-28",0,NA,NA,NA,NA,0,1,2019,5,"2019",242
"NWT","sdl","16","2019-06-11",130,NA,NA,NA,NA,130,1,2019,6,"2019",256
"NWT","sdl","33","2019-06-11",210,NA,NA,NA,NA,210,1,2019,6,"2019",256
"NWT","sdl","41","2019-06-11",189,NA,NA,NA,NA,189,1,2019,6,"2019",256
"NWT","sdl","73","2019-06-11",249,NA,NA,NA,NA,249,1,2019,6,"2019",256
"NWT","sdl","77","2019-06-11",172,NA,NA,NA,NA,172,1,2019,6,"2019",256
"NWT","sdl","30","2019-06-11",0,NA,NA,NA,NA,0,1,2019,6,"2019",256
"NWT","sdl","47","2019-06-11",50,NA,NA,NA,NA,50,1,2019,6,"2019",256
"NWT","sdl","701","2019-06-11",0,NA,NA,NA,NA,0,1,2019,6,"2019",256
"NWT","sdl","33","2019-06-25",210,NA,NA,NA,NA,210,1,2019,6,"2019",270
"NWT","sdl","41","2019-06-25",190,NA,NA,NA,NA,190,1,2019,6,"2019",270
"NWT","sdl","73","2019-06-25",260,NA,NA,NA,NA,260,1,2019,6,"2019",270
"NWT","sdl","77","2019-06-25",180,NA,NA,NA,NA,180,1,2019,6,"2019",270
"NWT","sdl","16","2019-06-25",80,NA,NA,NA,NA,80,1,2019,6,"2019",270
"NWT","sdl","30","2019-06-25",0,NA,NA,NA,NA,0,1,2019,6,"2019",270
"NWT","sdl","47","2019-06-25",50,NA,NA,NA,NA,50,1,2019,6,"2019",270
"NWT","sdl","701","2019-06-25",0,NA,NA,NA,NA,0,1,2019,6,"2019",270
"NWT","sdl","16","2019-07-09",0,NA,NA,NA,NA,0,1,2019,7,"2019",284
"NWT","sdl","30","2019-07-09",0,NA,NA,NA,NA,0,1,2019,7,"2019",284
"NWT","sdl","33","2019-07-09",40,NA,NA,NA,NA,40,1,2019,7,"2019",284
"NWT","sdl","41","2019-07-09",20,NA,NA,NA,NA,20,1,2019,7,"2019",284
"NWT","sdl","47","2019-07-09",0,NA,NA,NA,NA,0,1,2019,7,"2019",284
"NWT","sdl","701","2019-07-09",0,NA,NA,NA,NA,0,1,2019,7,"2019",284
"NWT","sdl","73","2019-07-09",80,NA,NA,NA,NA,80,1,2019,7,"2019",284
"NWT","sdl","77","2019-07-09",0,NA,NA,NA,NA,0,1,2019,7,"2019",284
"NWT","sdl","16","2019-07-23",0,NA,NA,NA,NA,0,1,2019,7,"2019",298
"NWT","sdl","30","2019-07-23",0,NA,NA,NA,NA,0,1,2019,7,"2019",298
"NWT","sdl","33","2019-07-23",0,NA,NA,NA,NA,0,1,2019,7,"2019",298
"NWT","sdl","41","2019-07-23",0,NA,NA,NA,NA,0,1,2019,7,"2019",298
"NWT","sdl","47","2019-07-23",0,NA,NA,NA,NA,0,1,2019,7,"2019",298
"NWT","sdl","73","2019-07-23",0,NA,NA,NA,NA,0,1,2019,7,"2019",298
"NWT","sdl","77","2019-07-23",0,NA,NA,NA,NA,0,1,2019,7,"2019",298
"NWT","sdl","16","2019-08-06",0,NA,NA,NA,NA,0,1,2019,8,"2019",312
"NWT","sdl","30","2019-08-06",0,NA,NA,NA,NA,0,1,2019,8,"2019",312
"NWT","sdl","33","2019-08-06",0,NA,NA,NA,NA,0,1,2019,8,"2019",312
"NWT","sdl","41","2019-08-06",0,NA,NA,NA,NA,0,1,2019,8,"2019",312
"NWT","sdl","47","2019-08-06",0,NA,NA,NA,NA,0,1,2019,8,"2019",312
"NWT","sdl","73","2019-08-06",0,NA,NA,NA,NA,0,1,2019,8,"2019",312
"NWT","sdl","77","2019-08-06",0,NA,NA,NA,NA,0,1,2019,8,"2019",312
